<?xml version="1.0"?>
<!DOCTYPE assetlist>
<!-- XML auto packed by asset_packer. DO NOT use as a reference.
     Use the assets directory from the source code instead. -->

<assetlist name="Entertainment">
    <image id="Cons_Base_5x5" isometric="true">
        <layer src_x="894" src_y="681" width="298" height="150"/>
    </image>
    <image id="Coloseum Cons 01" width="298" height="160" isometric="true">
        <layer group="this" image="Cons_Base_5x5" y="10"/>
        <layer src_x="596" src_y="210" width="298" height="160"/>
    </image>
    <image id="Coloseum Cons 02" width="298" height="154" isometric="true">
        <layer group="48" image="0" y="-59" part="footprint"/>
        <layer src_x="298" src_y="531" width="298" height="154"/>
    </image>
    <image id="Coloseum Cons 03" width="298" height="173" isometric="true">
        <layer group="48" image="0" y="-40" part="footprint"/>
        <layer src_y="746" width="298" height="173"/>
    </image>
    <image id="Coloseum Cons 04" width="298" height="186" isometric="true">
        <layer group="48" image="0" y="-27" part="footprint"/>
        <layer src_x="596" width="298" height="186"/>
    </image>
    <image id="Coloseum ON" width="298" height="213" isometric="true">
        <layer group="48"/>
        <layer group="48" image="14" x="70" y="33"/>
        <layer src_x="1153" src_y="831" x="70" y="33" width="157" height="61"/>
    </image>
    <image id="Col Glad Fight" width="298" height="213" isometric="true">
        <layer group="this" image="Coloseum ON"/>
        <animation speed="5" x="122" y="57">
            <frame group="48" image="1"/>
            <frame group="48" image="2"/>
            <frame group="48" image="3"/>
            <frame group="48" image="4"/>
            <frame group="48" image="5"/>
            <frame group="48" image="6"/>
            <frame group="48" image="7"/>
            <frame group="48" image="8"/>
            <frame group="48" image="9"/>
            <frame group="48" image="10"/>
            <frame group="48" image="11"/>
            <frame group="48" image="12"/>
            <frame group="48" image="13"/>
        </animation>
    </image>
    <image id="Col Naumachia" width="298" height="213" isometric="true">
        <layer group="this" image="Coloseum ON"/>
        <animation speed="9" x="100" y="58">
            <frame src_y="1247" width="100" height="48"/>
            <frame src_x="1072" src_y="1261" width="100" height="48"/>
            <frame src_x="596" src_y="1233" width="100" height="48"/>
            <frame src_x="696" src_y="1233" width="100" height="48"/>
            <frame src_x="1192" src_y="254" width="100" height="48"/>
            <frame src_x="100" src_y="1247" width="100" height="48"/>
            <frame src_x="1192" src_y="302" width="100" height="48"/>
            <frame src_x="1192" src_y="398" width="100" height="48"/>
            <frame src_x="1192" src_y="350" width="100" height="48"/>
            <frame src_x="1192" src_y="206" width="100" height="48"/>
            <frame src_x="1192" src_y="158" width="100" height="48"/>
            <frame src_x="1192" src_y="110" width="100" height="48"/>
        </animation>
    </image>
    <image id="Imperial_Games_01" width="110" height="67">
        <layer src_x="1192" width="67" height="110" rotate="90"/>
        <layer src_x="894" src_y="1286" x="38" y="38" width="40" height="29"/>
    </image>
    <image id="Imperial_Games_02" width="110" height="67">
        <layer src_x="1192" width="67" height="110" rotate="90"/>
        <layer src_x="996" src_y="1280" x="38" y="38" width="40" height="29"/>
    </image>
    <image id="Imperial_Games_03" width="110" height="67">
        <layer src_x="1192" width="67" height="110" rotate="90"/>
        <layer src_x="1256" src_y="1202" x="38" y="38" width="40" height="29"/>
    </image>
    <image id="Imperial_Games_04" width="110" height="67">
        <layer src_x="1192" width="67" height="110" rotate="90"/>
        <layer src_x="1256" src_y="1173" x="38" y="38" width="40" height="29"/>
    </image>
    <image id="Imperial_Games_05" width="110" height="67">
        <layer src_x="1192" width="67" height="110" rotate="90"/>
        <layer src_x="934" src_y="1286" x="38" y="38" width="40" height="29"/>
    </image>
    <image id="Imperial_Games_06" width="110" height="67">
        <layer src_x="1192" width="67" height="110" rotate="90"/>
        <layer src_x="1256" src_y="1144" x="38" y="38" width="40" height="29"/>
    </image>
    <image id="Col Imp Games" width="298" height="213" isometric="true">
        <layer group="this" image="Coloseum ON"/>
        <animation speed="9" x="90" y="34">
            <frame group="this" image="Imperial_Games_01"/>
            <frame group="this" image="Imperial_Games_02"/>
            <frame group="this" image="Imperial_Games_03"/>
            <frame group="this" image="Imperial_Games_04"/>
            <frame group="this" image="Imperial_Games_05"/>
            <frame group="this" image="Imperial_Games_06"/>
        </animation>
    </image>
    <image id="Executions_01" width="102" height="60">
        <layer src_x="894" src_y="1226" width="102" height="60"/>
        <layer src_x="1259" x="19" y="16" width="51" height="44"/>
    </image>
    <image id="Executions_02" width="102" height="60">
        <layer src_x="894" src_y="1226" width="102" height="60"/>
        <layer src_x="1257" src_y="446" x="19" y="16" width="51" height="44"/>
    </image>
    <image id="Executions_03" width="102" height="60">
        <layer src_x="894" src_y="1226" width="102" height="60"/>
        <layer src_x="796" src_y="1266" x="19" y="16" width="51" height="44"/>
    </image>
    <image id="Executions_04" width="102" height="60">
        <layer src_x="894" src_y="1226" width="102" height="60"/>
        <layer src_x="1259" src_y="44" x="19" y="16" width="51" height="44"/>
    </image>
    <image id="Executions_05" width="102" height="60">
        <layer src_x="894" src_y="1226" width="102" height="60"/>
        <layer src_x="1007" src_y="1182" x="19" y="16" width="51" height="44"/>
    </image>
    <image id="Executions_06" width="102" height="60">
        <layer src_x="894" src_y="1226" width="102" height="60"/>
        <layer src_x="1257" src_y="490" x="19" y="16" width="51" height="44"/>
    </image>
    <image id="Col Exec" width="298" height="213" isometric="true">
        <layer group="this" image="Coloseum ON"/>
        <animation speed="9" x="100" y="43">
            <frame group="this" image="Executions_01"/>
            <frame group="this" image="Executions_02"/>
            <frame group="this" image="Executions_03"/>
            <frame group="this" image="Executions_04"/>
            <frame group="this" image="Executions_05"/>
            <frame group="this" image="Executions_06"/>
        </animation>
    </image>
    <image id="Col Base Overlay">
        <layer src_x="847" src_y="1308" width="46" height="5"/>
    </image>
    <image>
        <layer src_x="1072" src_y="1166" width="184" height="95"/>
    </image>
    <image>
        <layer src_x="1072" src_y="976" width="184" height="95"/>
    </image>
    <image>
        <layer src_x="1072" src_y="1071" width="184" height="95"/>
    </image>
    <image id="Circus NESW 01" width="298" height="159" isometric="true">
        <layer group="this" image="Cons_Base_5x5" y="9"/>
        <layer src_x="894" src_y="210" width="298" height="159"/>
    </image>
    <image id="Circus NWSE 01" width="298" height="159" isometric="true">
        <layer group="this" image="Cons_Base_5x5" y="9"/>
        <layer src_x="298" src_y="372" width="298" height="159"/>
    </image>
    <image id="Circus NESW 02" isometric="true">
        <layer group="this" image="Cons_Base_5x5"/>
        <layer src_x="596" src_y="531" width="298" height="150"/>
    </image>
    <image id="Circus NWSE 02" isometric="true">
        <layer group="this" image="Cons_Base_5x5"/>
        <layer src_x="298" src_y="1146" width="298" height="150"/>
    </image>
    <image id="Circus NESW 03" isometric="true">
        <layer group="this" image="Cons_Base_5x5"/>
        <layer src_x="298" src_y="996" width="298" height="150"/>
    </image>
    <image id="Circus NWSE 03" isometric="true">
        <layer group="this" image="Cons_Base_5x5"/>
        <layer src_x="894" src_y="531" width="298" height="150"/>
    </image>
    <image id="Circus NESW 13" width="298" height="156" isometric="true">
        <layer group="213" image="0" y="-79" part="footprint"/>
        <layer src_x="596" src_y="372" width="298" height="156"/>
    </image>
    <image id="Circus NWSE 13" width="298" height="155" isometric="true">
        <layer group="214" image="0" y="-79" part="footprint"/>
        <layer src_x="894" src_y="372" width="298" height="155"/>
    </image>
    <image id="Circus NESW 12" width="298" height="150" isometric="true">
        <layer group="213" image="2" y="-31" part="footprint"/>
        <layer src_x="596" src_y="681" width="298" height="150"/>
    </image>
    <image id="Circus NWSE 12" width="298" height="150" isometric="true">
        <layer group="214" image="2" y="-31" part="footprint"/>
        <layer src_x="298" src_y="846" width="298" height="150"/>
    </image>
    <image id="Circus NESW 11" width="298" height="150" isometric="true">
        <layer group="213" image="4" y="-31" part="footprint"/>
        <layer src_x="596" src_y="1108" width="298" height="125"/>
    </image>
    <image id="Circus NWSE 11" width="298" height="150" isometric="true">
        <layer group="214" image="4" y="-32" part="footprint"/>
        <layer src_x="596" src_y="978" width="298" height="130"/>
    </image>
    <image id="Circus NESW 23" width="298" height="179" isometric="true">
        <layer group="213" image="0" y="-56" part="footprint"/>
        <layer src_y="210" width="298" height="179"/>
    </image>
    <image id="Circus NWSE 23" width="298" height="178" isometric="true">
        <layer group="214" image="0" y="-56" part="footprint"/>
        <layer src_y="568" width="298" height="178"/>
    </image>
    <image id="Circus NESW 22" width="298" height="164" isometric="true">
        <layer group="213" image="2" y="-17" part="footprint"/>
        <layer src_y="919" width="298" height="164"/>
    </image>
    <image id="Circus NWSE 22" width="298" height="164" isometric="true">
        <layer group="214" image="2" y="-17" part="footprint"/>
        <layer src_y="1083" width="298" height="164"/>
    </image>
    <image id="Circus NESW 21" width="298" height="165" isometric="true">
        <layer group="213" image="4" y="-16" part="footprint"/>
        <layer src_x="596" src_y="831" width="298" height="147"/>
    </image>
    <image id="Circus NWSE 21" width="298" height="165" isometric="true">
        <layer group="214" image="4" y="-17" part="footprint"/>
        <layer src_x="894" src_y="831" width="259" height="145"/>
    </image>
    <image id="Circus NESW 33" width="298" height="210" isometric="true">
        <layer group="213" image="0" y="-25" part="footprint"/>
        <layer width="298" height="210"/>
    </image>
    <image id="Circus NWSE 33" width="298" height="208" isometric="true">
        <layer group="214" image="0" y="-26" part="footprint"/>
        <layer src_x="298" width="298" height="208"/>
    </image>
    <image id="Circus NESW 32" width="298" height="181" isometric="true">
        <layer group="213" image="2"/>
        <layer src_y="389" y="2" width="298" height="179"/>
    </image>
    <image id="Circus NWSE 32" width="298" height="181" isometric="true">
        <layer group="214" image="2" part="footprint"/>
        <layer src_x="894" width="298" height="181"/>
    </image>
    <image id="Circus NESW 31" width="298" height="181" isometric="true">
        <layer group="213" image="4" part="footprint"/>
        <layer src_x="298" src_y="210" width="298" height="162"/>
    </image>
    <image id="Circus NWSE 31" width="298" height="181" isometric="true">
        <layer group="214" image="4" y="-1" part="footprint"/>
        <layer src_x="298" src_y="685" width="288" height="161"/>
    </image>
    <image id="Circus NESW 41" isometric="true">
        <layer group="213" image="0"/>
    </image>
    <image id="Circus NWSE 41" isometric="true">
        <layer group="214" image="0"/>
    </image>
    <image id="Circus NESW 42" isometric="true">
        <layer group="213" image="2"/>
    </image>
    <image id="Circus NWSE 42" isometric="true">
        <layer group="214" image="2"/>
    </image>
    <image id="Circus NESW 43" isometric="true">
        <layer group="213" image="4"/>
    </image>
    <image id="Circus NWSE 43" isometric="true">
        <layer group="214" image="4"/>
    </image>
    <image id="Arena OFF" isometric="true">
        <layer src_x="894" src_y="976" width="178" height="152"/>
    </image>
    <image id="Arena_On_01">
        <layer src_x="200" src_y="1247" width="92" height="42"/>
        <layer src_x="1256" src_y="976" x="28" width="36" height="42"/>
    </image>
    <image id="Arena_On_02">
        <layer src_x="200" src_y="1247" width="92" height="42"/>
        <layer src_x="1256" src_y="1018" x="29" width="34" height="42"/>
    </image>
    <image id="Arena_On_03">
        <layer src_x="200" src_y="1247" width="92" height="42"/>
        <layer src_x="1256" src_y="1060" x="35" width="30" height="42"/>
    </image>
    <image id="Arena_On_04">
        <layer src_x="200" src_y="1247" width="92" height="42"/>
        <layer src_x="1256" src_y="1102" x="35" width="30" height="42"/>
    </image>
    <image id="Arena_On_05">
        <layer src_x="200" src_y="1247" width="92" height="42"/>
        <layer src_x="1271" src_y="934" x="32" width="37" height="42"/>
    </image>
    <image id="Arena_On_06">
        <layer src_x="200" src_y="1247" width="92" height="42"/>
        <layer src_x="847" src_y="1266" x="27" width="43" height="42"/>
    </image>
    <image id="Arena ON" width="178" height="152" isometric="true">
        <layer group="this" image="Arena OFF"/>
        <animation speed="9" x="44" y="29">
            <frame group="this" image="Arena_On_01"/>
            <frame group="this" image="Arena_On_02"/>
            <frame group="this" image="Arena_On_03"/>
            <frame group="this" image="Arena_On_04"/>
            <frame group="this" image="Arena_On_05"/>
            <frame group="this" image="Arena_On_06"/>
        </animation>
    </image>
    <image id="Tavern OFF" isometric="true">
        <layer src_x="1153" src_y="892" width="118" height="82"/>
    </image>
    <image id="Tavern Supp" isometric="true">
        <layer group="this" image="Tavern OFF"/>
        <layer src_x="796" src_y="1233" x="9" y="33" width="92" height="33"/>
    </image>
    <image id="Tavern_ON_01" width="118" height="82">
        <layer src_x="796" src_y="1233" x="9" y="33" width="92" height="33"/>
        <layer src_x="1172" src_y="1261" x="11" y="28" width="65" height="54"/>
    </image>
    <image id="Tavern_ON_02" width="118" height="82">
        <layer src_x="796" src_y="1233" x="9" y="33" width="92" height="33"/>
        <layer src_x="1007" src_y="1128" x="11" y="28" width="65" height="54"/>
    </image>
    <image id="Tavern_ON_03" width="118" height="82">
        <layer src_x="796" src_y="1233" x="9" y="33" width="92" height="33"/>
        <layer src_x="1192" src_y="500" x="11" y="28" width="65" height="54"/>
    </image>
    <image id="Tavern_ON_04" width="118" height="82">
        <layer src_x="796" src_y="1233" x="9" y="33" width="92" height="33"/>
        <layer src_x="1192" src_y="446" x="11" y="28" width="65" height="54"/>
    </image>
    <image id="Tavern_ON_05" width="118" height="82">
        <layer src_x="796" src_y="1233" x="9" y="33" width="92" height="33"/>
        <layer src_x="996" src_y="1226" x="11" y="28" width="65" height="54"/>
    </image>
    <image id="Tavern ON" isometric="true">
        <layer group="this" image="Tavern OFF"/>
        <animation speed="8">
            <frame group="this" image="Tavern_ON_01"/>
            <frame group="this" image="Tavern_ON_02"/>
            <frame group="this" image="Tavern_ON_03"/>
            <frame group="this" image="Tavern_ON_04"/>
            <frame group="this" image="Tavern_ON_05"/>
        </animation>
    </image>
    <image id="Theatre_ON_01" width="63" height="34">
        <layer group="191"/>
        <layer group="46" image="1" x="26" y="1"/>
        <layer src_x="1271" src_y="892" x="40" y="-8" width="41" height="42"/>
    </image>
    <image id="Theatre_ON_02" width="63" height="34">
        <layer group="191"/>
        <layer group="46" image="2" x="26" y="1"/>
        <layer src_x="1271" src_y="892" x="40" y="-8" width="41" height="42"/>
    </image>
    <image id="Theatre_ON_03" width="63" height="34">
        <layer group="191"/>
        <layer group="46" image="3" x="26" y="1"/>
        <layer src_x="1271" src_y="892" x="40" y="-8" width="41" height="42"/>
    </image>
    <image id="Theatre_ON_04" width="63" height="34">
        <layer group="191"/>
        <layer group="46" image="4" x="26" y="1"/>
        <layer src_x="1271" src_y="892" x="40" y="-8" width="41" height="42"/>
    </image>
    <image id="Theatre_ON_05" width="63" height="34">
        <layer group="191"/>
        <layer group="46" image="5" x="26" y="1"/>
        <layer src_x="1271" src_y="892" x="40" y="-8" width="41" height="42"/>
    </image>
    <image id="Theatre_ON_06" width="63" height="34">
        <layer group="191"/>
        <layer group="46" image="6" x="26" y="1"/>
        <layer src_x="1271" src_y="892" x="40" y="-8" width="41" height="42"/>
    </image>
    <image id="Theatre_ON_07" width="63" height="34">
        <layer group="191"/>
        <layer group="46" image="7" x="26" y="1"/>
        <layer src_x="1271" src_y="892" x="40" y="-8" width="41" height="42"/>
    </image>
    <image id="Theatre_ON_08" width="63" height="34">
        <layer group="191"/>
        <layer group="46" image="8" x="26" y="1"/>
        <layer src_x="1271" src_y="892" x="40" y="-8" width="41" height="42"/>
    </image>
    <image id="Theatre_ON_09" width="63" height="34">
        <layer group="191"/>
        <layer group="46" image="9" x="26" y="1"/>
        <layer src_x="1271" src_y="892" x="40" y="-8" width="41" height="42"/>
    </image>
    <image id="Theatre_ON_10" width="63" height="34">
        <layer group="191"/>
        <layer group="46" image="10" x="26" y="1"/>
        <layer src_x="1271" src_y="892" x="40" y="-8" width="41" height="42"/>
    </image>
    <image id="Theatre_ON_11" width="63" height="34">
        <layer group="191"/>
        <layer group="46" image="11" x="26" y="1"/>
        <layer src_x="1271" src_y="892" x="40" y="-8" width="41" height="42"/>
    </image>
    <image id="Theatre_ON_12" width="63" height="34">
        <layer group="191"/>
        <layer group="46" image="12" x="26" y="1"/>
        <layer src_x="1271" src_y="892" x="40" y="-8" width="41" height="42"/>
    </image>
    <image id="Theatre_ON_13" width="63" height="34">
        <layer group="191"/>
        <layer group="46" image="13" x="26" y="1"/>
        <layer src_x="1271" src_y="892" x="40" y="-8" width="41" height="42"/>
    </image>
    <image id="Theatre_ON_14" width="63" height="34">
        <layer group="191"/>
        <layer group="46" image="14" x="26" y="1"/>
        <layer src_x="1271" src_y="892" x="40" y="-8" width="41" height="42"/>
    </image>
    <image id="Theatre_ON_15" width="63" height="34">
        <layer group="191"/>
        <layer group="46" image="15" x="26" y="1"/>
        <layer src_x="1271" src_y="892" x="40" y="-8" width="41" height="42"/>
    </image>
    <image id="Theatre_ON_16" width="63" height="34">
        <layer group="191"/>
        <layer group="46" image="16" x="26" y="1"/>
        <layer src_x="1271" src_y="892" x="40" y="-8" width="41" height="42"/>
    </image>
    <image id="Theatre_ON_17" width="63" height="34">
        <layer group="191"/>
        <layer group="46" image="17" x="26" y="1"/>
        <layer src_x="1271" src_y="892" x="40" y="-8" width="41" height="42"/>
    </image>
    <image id="Theatre_ON_18" width="63" height="34">
        <layer group="191"/>
        <layer group="46" image="18" x="26" y="1"/>
        <layer src_x="1271" src_y="892" x="40" y="-8" width="41" height="42"/>
    </image>
    <image id="Theatre_ON_19" width="63" height="34">
        <layer group="191"/>
        <layer group="46" image="19" x="26" y="1"/>
        <layer src_x="1271" src_y="892" x="40" y="-8" width="41" height="42"/>
    </image>
    <image id="Theatre_ON_20" width="63" height="34">
        <layer group="191"/>
        <layer group="46" image="20" x="26" y="1"/>
        <layer src_x="1271" src_y="892" x="40" y="-8" width="41" height="42"/>
    </image>
    <image id="Theatre_ON_21" width="63" height="34">
        <layer group="191"/>
        <layer group="46" image="21" x="26" y="1"/>
        <layer src_x="1271" src_y="892" x="40" y="-8" width="41" height="42"/>
    </image>
    <image id="Theatre ON" width="118" height="98" isometric="true">
        <layer group="46"/>
        <layer src_x="1271" src_y="892" x="74" y="23" width="41" height="42"/>
        <animation speed="5" x="34" y="31">
            <frame group="this" image="Theatre_ON_01"/>
            <frame group="this" image="Theatre_ON_02"/>
            <frame group="this" image="Theatre_ON_03"/>
            <frame group="this" image="Theatre_ON_04"/>
            <frame group="this" image="Theatre_ON_05"/>
            <frame group="this" image="Theatre_ON_06"/>
            <frame group="this" image="Theatre_ON_07"/>
            <frame group="this" image="Theatre_ON_08"/>
            <frame group="this" image="Theatre_ON_09"/>
            <frame group="this" image="Theatre_ON_10"/>
            <frame group="this" image="Theatre_ON_11"/>
            <frame group="this" image="Theatre_ON_12"/>
            <frame group="this" image="Theatre_ON_13"/>
            <frame group="this" image="Theatre_ON_14"/>
            <frame group="this" image="Theatre_ON_15"/>
            <frame group="this" image="Theatre_ON_16"/>
            <frame group="this" image="Theatre_ON_17"/>
            <frame group="this" image="Theatre_ON_18"/>
            <frame group="this" image="Theatre_ON_19"/>
            <frame group="this" image="Theatre_ON_20"/>
            <frame group="this" image="Theatre_ON_21"/>
        </animation>
    </image>
    <image id="Theatre Upgrade OFF" width="118" height="101" isometric="true">
        <layer group="46" y="3"/>
        <layer src_x="894" src_y="1128" width="113" height="98"/>
    </image>
    <image id="Theatre_UP_ON_01" width="63" height="34">
        <layer group="this" image="Theatre_ON_01"/>
        <layer src_x="894" src_y="1128" x="-34" y="-34" width="113" height="98"/>
    </image>
    <image id="Theatre_UP_ON_02" width="63" height="34">
        <layer group="this" image="Theatre_ON_02"/>
        <layer src_x="894" src_y="1128" x="-34" y="-34" width="113" height="98"/>
    </image>
    <image id="Theatre_UP_ON_03" width="63" height="34">
        <layer group="this" image="Theatre_ON_03"/>
        <layer src_x="894" src_y="1128" x="-34" y="-34" width="113" height="98"/>
    </image>
    <image id="Theatre_UP_ON_04" width="63" height="34">
        <layer group="this" image="Theatre_ON_04"/>
        <layer src_x="894" src_y="1128" x="-34" y="-34" width="113" height="98"/>
    </image>
    <image id="Theatre_UP_ON_05" width="63" height="34">
        <layer group="this" image="Theatre_ON_05"/>
        <layer src_x="894" src_y="1128" x="-34" y="-34" width="113" height="98"/>
    </image>
    <image id="Theatre_UP_ON_06" width="63" height="34">
        <layer group="this" image="Theatre_ON_06"/>
        <layer src_x="894" src_y="1128" x="-34" y="-34" width="113" height="98"/>
    </image>
    <image id="Theatre_UP_ON_07" width="63" height="34">
        <layer group="this" image="Theatre_ON_07"/>
        <layer src_x="894" src_y="1128" x="-34" y="-34" width="113" height="98"/>
    </image>
    <image id="Theatre_UP_ON_08" width="63" height="34">
        <layer group="this" image="Theatre_ON_08"/>
        <layer src_x="894" src_y="1128" x="-34" y="-34" width="113" height="98"/>
    </image>
    <image id="Theatre_UP_ON_09" width="63" height="34">
        <layer group="this" image="Theatre_ON_09"/>
        <layer src_x="894" src_y="1128" x="-34" y="-34" width="113" height="98"/>
    </image>
    <image id="Theatre_UP_ON_10" width="63" height="34">
        <layer group="this" image="Theatre_ON_10"/>
        <layer src_x="894" src_y="1128" x="-34" y="-34" width="113" height="98"/>
    </image>
    <image id="Theatre_UP_ON_11" width="63" height="34">
        <layer group="this" image="Theatre_ON_11"/>
        <layer src_x="894" src_y="1128" x="-34" y="-34" width="113" height="98"/>
    </image>
    <image id="Theatre_UP_ON_12" width="63" height="34">
        <layer group="this" image="Theatre_ON_12"/>
        <layer src_x="894" src_y="1128" x="-34" y="-34" width="113" height="98"/>
    </image>
    <image id="Theatre_UP_ON_13" width="63" height="34">
        <layer group="this" image="Theatre_ON_13"/>
        <layer src_x="894" src_y="1128" x="-34" y="-34" width="113" height="98"/>
    </image>
    <image id="Theatre_UP_ON_14" width="63" height="34">
        <layer group="this" image="Theatre_ON_14"/>
        <layer src_x="894" src_y="1128" x="-34" y="-34" width="113" height="98"/>
    </image>
    <image id="Theatre_UP_ON_15" width="63" height="34">
        <layer group="this" image="Theatre_ON_15"/>
        <layer src_x="894" src_y="1128" x="-34" y="-34" width="113" height="98"/>
    </image>
    <image id="Theatre_UP_ON_16" width="63" height="34">
        <layer group="this" image="Theatre_ON_16"/>
        <layer src_x="894" src_y="1128" x="-34" y="-34" width="113" height="98"/>
    </image>
    <image id="Theatre_UP_ON_17" width="63" height="34">
        <layer group="this" image="Theatre_ON_17"/>
        <layer src_x="894" src_y="1128" x="-34" y="-34" width="113" height="98"/>
    </image>
    <image id="Theatre_UP_ON_18" width="63" height="34">
        <layer group="this" image="Theatre_ON_18"/>
        <layer src_x="894" src_y="1128" x="-34" y="-34" width="113" height="98"/>
    </image>
    <image id="Theatre_UP_ON_19" width="63" height="34">
        <layer group="this" image="Theatre_ON_19"/>
        <layer src_x="894" src_y="1128" x="-34" y="-34" width="113" height="98"/>
    </image>
    <image id="Theatre_UP_ON_20" width="63" height="34">
        <layer group="this" image="Theatre_ON_20"/>
        <layer src_x="894" src_y="1128" x="-34" y="-34" width="113" height="98"/>
    </image>
    <image id="Theatre_UP_ON_21" width="63" height="34">
        <layer group="this" image="Theatre_ON_21"/>
        <layer src_x="894" src_y="1128" x="-34" y="-34" width="113" height="98"/>
    </image>
    <image id="Theatre Upgrade ON" width="118" height="101" isometric="true">
        <layer group="46" y="3"/>
        <layer src_x="1271" src_y="892" x="74" y="26" width="41" height="42"/>
        <layer src_x="894" src_y="1128" width="113" height="98"/>
        <animation speed="5" x="34" y="34">
            <frame group="this" image="Theatre_UP_ON_01"/>
            <frame group="this" image="Theatre_UP_ON_02"/>
            <frame group="this" image="Theatre_UP_ON_03"/>
            <frame group="this" image="Theatre_UP_ON_04"/>
            <frame group="this" image="Theatre_UP_ON_05"/>
            <frame group="this" image="Theatre_UP_ON_06"/>
            <frame group="this" image="Theatre_UP_ON_07"/>
            <frame group="this" image="Theatre_UP_ON_08"/>
            <frame group="this" image="Theatre_UP_ON_09"/>
            <frame group="this" image="Theatre_UP_ON_10"/>
            <frame group="this" image="Theatre_UP_ON_11"/>
            <frame group="this" image="Theatre_UP_ON_12"/>
            <frame group="this" image="Theatre_UP_ON_13"/>
            <frame group="this" image="Theatre_UP_ON_14"/>
            <frame group="this" image="Theatre_UP_ON_15"/>
            <frame group="this" image="Theatre_UP_ON_16"/>
            <frame group="this" image="Theatre_UP_ON_17"/>
            <frame group="this" image="Theatre_UP_ON_18"/>
            <frame group="this" image="Theatre_UP_ON_19"/>
            <frame group="this" image="Theatre_UP_ON_20"/>
            <frame group="this" image="Theatre_UP_ON_21"/>
        </animation>
    </image>
</assetlist>
