<?xml version="1.0"?>
<!DOCTYPE assetlist>
<!-- XML auto packed by asset_packer. DO NOT use as a reference.
     Use the assets directory from the source code instead. -->

<assetlist name="Walkers">
    <image id="Barkeep Portrait">
        <layer group="190" image="2"/>
        <layer width="55" height="79"/>
    </image>
    <image id="Barkeep death 01">
        <layer group="88" image="96"/>
        <layer src_x="473" src_y="836" width="39" height="39"/>
    </image>
    <image id="Barkeep death 02">
        <layer group="88" image="97"/>
        <layer src_x="356" src_y="485" width="39" height="39"/>
    </image>
    <image id="Barkeep death 03">
        <layer group="88" image="98"/>
        <layer src_x="590" src_y="290" width="39" height="39"/>
    </image>
    <image id="Barkeep death 04">
        <layer group="88" image="99"/>
        <layer src_x="239" src_y="836" width="39" height="39"/>
    </image>
    <image id="Barkeep death 05">
        <layer group="88" image="100"/>
        <layer src_x="356" src_y="641" width="39" height="39"/>
    </image>
    <image id="Barkeep death 06">
        <layer src_x="473" src_y="797" width="39" height="39"/>
    </image>
    <image id="Barkeep death 07">
        <layer src_x="473" src_y="719" width="39" height="39"/>
    </image>
    <image id="Barkeep death 08">
        <layer src_x="473" src_y="680" width="39" height="39"/>
    </image>
    <image id="Barkeep NE 01">
        <layer group="88" image="0"/>
        <layer src_x="473" src_y="641" width="39" height="39"/>
    </image>
    <image id="Barkeep NE 02">
        <layer group="88" image="8"/>
        <layer src_x="473" src_y="602" width="39" height="39"/>
    </image>
    <image id="Barkeep NE 03">
        <layer group="88" image="16"/>
        <layer src_x="473" src_y="563" width="39" height="39"/>
    </image>
    <image id="Barkeep NE 04">
        <layer group="88" image="24"/>
        <layer src_x="473" src_y="524" width="39" height="39"/>
    </image>
    <image id="Barkeep NE 05">
        <layer group="88" image="32"/>
        <layer src_x="473" src_y="485" width="39" height="39"/>
    </image>
    <image id="Barkeep NE 06">
        <layer group="88" image="40"/>
        <layer src_x="1019" src_y="446" width="39" height="39"/>
    </image>
    <image id="Barkeep NE 07">
        <layer group="88" image="48"/>
        <layer src_x="980" src_y="446" width="39" height="39"/>
    </image>
    <image id="Barkeep NE 08">
        <layer group="88" image="56"/>
        <layer src_x="941" src_y="446" width="39" height="39"/>
    </image>
    <image id="Barkeep NE 09">
        <layer group="88" image="64"/>
        <layer src_x="902" src_y="446" width="39" height="39"/>
    </image>
    <image id="Barkeep NE 10">
        <layer group="88" image="72"/>
        <layer src_x="863" src_y="446" width="39" height="39"/>
    </image>
    <image id="Barkeep NE 11">
        <layer group="88" image="80"/>
        <layer src_x="824" src_y="446" width="39" height="39"/>
    </image>
    <image id="Barkeep NE 12">
        <layer group="88" image="88"/>
        <layer src_x="785" src_y="446" width="39" height="39"/>
    </image>
    <image id="Barkeep E 01">
        <layer group="88" image="1"/>
        <layer src_x="746" src_y="446" width="39" height="39"/>
    </image>
    <image id="Barkeep E 02">
        <layer group="88" image="9"/>
        <layer src_x="707" src_y="446" width="39" height="39"/>
    </image>
    <image id="Barkeep E 03">
        <layer group="88" image="17"/>
        <layer src_x="668" src_y="446" width="39" height="39"/>
    </image>
    <image id="Barkeep E 04">
        <layer group="88" image="25"/>
        <layer src_x="629" src_y="446" width="39" height="39"/>
    </image>
    <image id="Barkeep E 05">
        <layer group="88" image="33"/>
        <layer src_x="590" src_y="446" width="39" height="39"/>
    </image>
    <image id="Barkeep E 06">
        <layer group="88" image="41"/>
        <layer src_x="551" src_y="446" width="39" height="39"/>
    </image>
    <image id="Barkeep E 07">
        <layer group="88" image="49"/>
        <layer src_x="512" src_y="446" width="39" height="39"/>
    </image>
    <image id="Barkeep E 08">
        <layer group="88" image="57"/>
        <layer src_x="473" src_y="446" width="39" height="39"/>
    </image>
    <image id="Barkeep E 09">
        <layer group="88" image="65"/>
        <layer src_x="434" src_y="1031" width="39" height="39"/>
    </image>
    <image id="Barkeep E 10">
        <layer group="88" image="73"/>
        <layer src_x="434" src_y="992" width="39" height="39"/>
    </image>
    <image id="Barkeep E 11">
        <layer group="88" image="81"/>
        <layer src_x="434" src_y="953" width="39" height="39"/>
    </image>
    <image id="Barkeep E 12">
        <layer group="88" image="89"/>
        <layer src_x="434" src_y="914" width="39" height="39"/>
    </image>
    <image id="Barkeep SE 01">
        <layer group="88" image="2"/>
        <layer src_x="434" src_y="875" width="39" height="39"/>
    </image>
    <image id="Barkeep SE 02">
        <layer group="88" image="10"/>
        <layer src_x="434" src_y="836" width="39" height="39"/>
    </image>
    <image id="Barkeep SE 03">
        <layer group="88" image="18"/>
        <layer src_x="434" src_y="797" width="39" height="39"/>
    </image>
    <image id="Barkeep SE 04">
        <layer group="88" image="26"/>
        <layer src_x="434" src_y="758" width="39" height="39"/>
    </image>
    <image id="Barkeep SE 05">
        <layer group="88" image="34"/>
        <layer src_x="434" src_y="719" width="39" height="39"/>
    </image>
    <image id="Barkeep SE 06">
        <layer group="88" image="42"/>
        <layer src_x="434" src_y="680" width="39" height="39"/>
    </image>
    <image id="Barkeep SE 07">
        <layer group="88" image="50"/>
        <layer src_x="434" src_y="641" width="39" height="39"/>
    </image>
    <image id="Barkeep SE 08">
        <layer group="88" image="58"/>
        <layer src_x="434" src_y="602" width="39" height="39"/>
    </image>
    <image id="Barkeep SE 09">
        <layer group="88" image="66"/>
        <layer src_x="434" src_y="563" width="39" height="39"/>
    </image>
    <image id="Barkeep SE 10">
        <layer group="88" image="74"/>
        <layer src_x="434" src_y="524" width="39" height="39"/>
    </image>
    <image id="Barkeep SE 11">
        <layer group="88" image="82"/>
        <layer src_x="434" src_y="485" width="39" height="39"/>
    </image>
    <image id="Barkeep SE 12">
        <layer group="88" image="90"/>
        <layer src_x="434" src_y="446" width="39" height="39"/>
    </image>
    <image id="Barkeep S 01">
        <layer group="88" image="3"/>
        <layer src_x="1019" src_y="407" width="39" height="39"/>
    </image>
    <image id="Barkeep S 02">
        <layer group="88" image="11"/>
        <layer src_x="980" src_y="407" width="39" height="39"/>
    </image>
    <image id="Barkeep S 03">
        <layer group="88" image="19"/>
        <layer src_x="941" src_y="407" width="39" height="39"/>
    </image>
    <image id="Barkeep S 04">
        <layer group="88" image="27"/>
        <layer src_x="902" src_y="407" width="39" height="39"/>
    </image>
    <image id="Barkeep S 05">
        <layer group="88" image="35"/>
        <layer src_x="863" src_y="407" width="39" height="39"/>
    </image>
    <image id="Barkeep S 06">
        <layer group="88" image="43"/>
        <layer src_x="824" src_y="407" width="39" height="39"/>
    </image>
    <image id="Barkeep S 07">
        <layer group="88" image="51"/>
        <layer src_x="785" src_y="407" width="39" height="39"/>
    </image>
    <image id="Barkeep S 08">
        <layer group="88" image="59"/>
        <layer src_x="746" src_y="407" width="39" height="39"/>
    </image>
    <image id="Barkeep S 09">
        <layer group="88" image="67"/>
        <layer src_x="707" src_y="407" width="39" height="39"/>
    </image>
    <image id="Barkeep S 10">
        <layer group="88" image="75"/>
        <layer src_x="668" src_y="407" width="39" height="39"/>
    </image>
    <image id="Barkeep S 11">
        <layer group="88" image="83"/>
        <layer src_x="629" src_y="407" width="39" height="39"/>
    </image>
    <image id="Barkeep S 12">
        <layer group="88" image="91"/>
        <layer src_x="590" src_y="407" width="39" height="39"/>
    </image>
    <image id="Barkeep SW 01">
        <layer group="88" image="4"/>
        <layer src_x="551" src_y="407" width="39" height="39"/>
    </image>
    <image id="Barkeep SW 02">
        <layer group="88" image="12"/>
        <layer src_x="512" src_y="407" width="39" height="39"/>
    </image>
    <image id="Barkeep SW 03">
        <layer group="88" image="20"/>
        <layer src_x="473" src_y="407" width="39" height="39"/>
    </image>
    <image id="Barkeep SW 04">
        <layer group="88" image="28"/>
        <layer src_x="434" src_y="407" width="39" height="39"/>
    </image>
    <image id="Barkeep SW 05">
        <layer group="88" image="36"/>
        <layer src_x="395" src_y="1031" width="39" height="39"/>
    </image>
    <image id="Barkeep SW 06">
        <layer group="88" image="44"/>
        <layer src_x="395" src_y="992" width="39" height="39"/>
    </image>
    <image id="Barkeep SW 07">
        <layer group="88" image="52"/>
        <layer src_x="395" src_y="953" width="39" height="39"/>
    </image>
    <image id="Barkeep SW 08">
        <layer group="88" image="60"/>
        <layer src_x="395" src_y="914" width="39" height="39"/>
    </image>
    <image id="Barkeep SW 09">
        <layer group="88" image="68"/>
        <layer src_x="395" src_y="875" width="39" height="39"/>
    </image>
    <image id="Barkeep SW 10">
        <layer group="88" image="76"/>
        <layer src_x="395" src_y="836" width="39" height="39"/>
    </image>
    <image id="Barkeep SW 11">
        <layer group="88" image="84"/>
        <layer src_x="395" src_y="797" width="39" height="39"/>
    </image>
    <image id="Barkeep SW 12">
        <layer group="88" image="92"/>
        <layer src_x="395" src_y="758" width="39" height="39"/>
    </image>
    <image id="Barkeep W 01">
        <layer group="88" image="5"/>
        <layer src_x="395" src_y="719" width="39" height="39"/>
    </image>
    <image id="Barkeep W 02">
        <layer group="88" image="13"/>
        <layer src_x="395" src_y="680" width="39" height="39"/>
    </image>
    <image id="Barkeep W 03">
        <layer group="88" image="21"/>
        <layer src_x="395" src_y="641" width="39" height="39"/>
    </image>
    <image id="Barkeep W 04">
        <layer group="88" image="29"/>
        <layer src_x="395" src_y="602" width="39" height="39"/>
    </image>
    <image id="Barkeep W 05">
        <layer group="88" image="37"/>
        <layer src_x="395" src_y="563" width="39" height="39"/>
    </image>
    <image id="Barkeep W 06">
        <layer group="88" image="45"/>
        <layer src_x="395" src_y="524" width="39" height="39"/>
    </image>
    <image id="Barkeep W 07">
        <layer group="88" image="53"/>
        <layer src_x="395" src_y="485" width="39" height="39"/>
    </image>
    <image id="Barkeep W 08">
        <layer group="88" image="61"/>
        <layer src_x="395" src_y="446" width="39" height="39"/>
    </image>
    <image id="Barkeep W 09">
        <layer group="88" image="69"/>
        <layer src_x="395" src_y="407" width="39" height="39"/>
    </image>
    <image id="Barkeep W 10">
        <layer group="88" image="77"/>
        <layer src_x="1019" src_y="368" width="39" height="39"/>
    </image>
    <image id="Barkeep W 11">
        <layer group="88" image="85"/>
        <layer src_x="980" src_y="368" width="39" height="39"/>
    </image>
    <image id="Barkeep W 12">
        <layer group="88" image="93"/>
        <layer src_x="941" src_y="368" width="39" height="39"/>
    </image>
    <image id="Barkeep NW 01">
        <layer group="88" image="6"/>
        <layer src_x="902" src_y="368" width="39" height="39"/>
    </image>
    <image id="Barkeep NW 02">
        <layer group="88" image="14"/>
        <layer src_x="863" src_y="368" width="39" height="39"/>
    </image>
    <image id="Barkeep NW 03">
        <layer group="88" image="22"/>
        <layer src_x="824" src_y="368" width="39" height="39"/>
    </image>
    <image id="Barkeep NW 04">
        <layer group="88" image="30"/>
        <layer src_x="785" src_y="368" width="39" height="39"/>
    </image>
    <image id="Barkeep NW 05">
        <layer group="88" image="38"/>
        <layer src_x="746" src_y="368" width="39" height="39"/>
    </image>
    <image id="Barkeep NW 06">
        <layer group="88" image="46"/>
        <layer src_x="707" src_y="368" width="39" height="39"/>
    </image>
    <image id="Barkeep NW 07">
        <layer group="88" image="54"/>
        <layer src_x="668" src_y="368" width="39" height="39"/>
    </image>
    <image id="Barkeep NW 08">
        <layer group="88" image="62"/>
        <layer src_x="629" src_y="368" width="39" height="39"/>
    </image>
    <image id="Barkeep NW 09">
        <layer group="88" image="70"/>
        <layer src_x="590" src_y="368" width="39" height="39"/>
    </image>
    <image id="Barkeep NW 10">
        <layer group="88" image="78"/>
        <layer src_x="551" src_y="368" width="39" height="39"/>
    </image>
    <image id="Barkeep NW 11">
        <layer group="88" image="86"/>
        <layer src_x="512" src_y="368" width="39" height="39"/>
    </image>
    <image id="Barkeep NW 12">
        <layer group="88" image="94"/>
        <layer src_x="473" src_y="368" width="39" height="39"/>
    </image>
    <image id="Barkeep N 01">
        <layer group="88" image="7"/>
        <layer src_x="434" src_y="368" width="39" height="39"/>
    </image>
    <image id="Barkeep N 02">
        <layer group="88" image="15"/>
        <layer src_x="395" src_y="368" width="39" height="39"/>
    </image>
    <image id="Barkeep N 03">
        <layer group="88" image="23"/>
        <layer src_x="356" src_y="1031" width="39" height="39"/>
    </image>
    <image id="Barkeep N 04">
        <layer group="88" image="31"/>
        <layer src_x="356" src_y="992" width="39" height="39"/>
    </image>
    <image id="Barkeep N 05">
        <layer group="88" image="39"/>
        <layer src_x="356" src_y="953" width="39" height="39"/>
    </image>
    <image id="Barkeep N 06">
        <layer group="88" image="47"/>
        <layer src_x="356" src_y="914" width="39" height="39"/>
    </image>
    <image id="Barkeep N 07">
        <layer group="88" image="55"/>
        <layer src_x="356" src_y="875" width="39" height="39"/>
    </image>
    <image id="Barkeep N 08">
        <layer group="88" image="63"/>
        <layer src_x="356" src_y="836" width="39" height="39"/>
    </image>
    <image id="Barkeep N 09">
        <layer group="88" image="71"/>
        <layer src_x="356" src_y="797" width="39" height="39"/>
    </image>
    <image id="Barkeep N 10">
        <layer group="88" image="79"/>
        <layer src_x="356" src_y="758" width="39" height="39"/>
    </image>
    <image id="Barkeep N 11">
        <layer group="88" image="87"/>
        <layer src_x="356" src_y="719" width="39" height="39"/>
    </image>
    <image id="Barkeep N 12">
        <layer group="88" image="95"/>
        <layer src_x="356" src_y="680" width="39" height="39"/>
    </image>
    <image id="barracks_worker_portrait">
        <layer group="190" image="3"/>
        <layer src_y="395" width="55" height="79"/>
    </image>
    <image id="barracks_worker_death_01">
        <layer group="108 " image="102"/>
        <layer src_x="356" src_y="602" width="39" height="39"/>
    </image>
    <image id="barracks_worker_death_02">
        <layer group="108 " image="103"/>
        <layer src_x="356" src_y="563" width="39" height="39"/>
    </image>
    <image id="barracks_worker_death_03">
        <layer group="108 " image="104"/>
        <layer src_x="356" src_y="524" width="39" height="39"/>
    </image>
    <image id="barracks_worker_death_04">
        <layer group="108 " image="105"/>
        <layer src_x="239" src_y="914" width="39" height="39"/>
    </image>
    <image id="barracks_worker_death_05">
        <layer group="108 " image="106"/>
        <layer src_x="267" src_y="159" width="39" height="39"/>
    </image>
    <image id="barracks_worker_death_06">
        <layer group="108 " image="107"/>
        <layer src_x="306" src_y="159" width="39" height="39"/>
    </image>
    <image id="barracks_worker_death_07">
        <layer group="108 " image="108"/>
        <layer src_x="345" src_y="159" width="39" height="39"/>
    </image>
    <image id="barracks_worker_death_08">
        <layer group="108 " image="109"/>
        <layer src_x="384" src_y="159" width="39" height="39"/>
    </image>
    <image id="barracks_worker_ne_01">
        <layer group="108 " image="0"/>
        <layer src_x="423" src_y="159" width="39" height="39"/>
    </image>
    <image id="barracks_worker_ne_02">
        <layer group="108" image="8"/>
        <layer src_x="462" src_y="159" width="39" height="39"/>
    </image>
    <image id="barracks_worker_ne_03">
        <layer group="108" image="16"/>
        <layer src_x="501" src_y="159" width="39" height="39"/>
    </image>
    <image id="barracks_worker_ne_04">
        <layer group="108" image="24"/>
        <layer src_x="540" src_y="159" width="39" height="39"/>
    </image>
    <image id="barracks_worker_ne_05">
        <layer group="108" image="32"/>
        <layer src_x="579" src_y="159" width="39" height="39"/>
    </image>
    <image id="barracks_worker_ne_06">
        <layer group="108" image="40"/>
        <layer src_x="618" src_y="159" width="39" height="39"/>
    </image>
    <image id="barracks_worker_ne_07">
        <layer group="108" image="48"/>
        <layer src_x="657" src_y="159" width="39" height="39"/>
    </image>
    <image id="barracks_worker_ne_08">
        <layer group="108" image="56"/>
        <layer src_x="696" src_y="159" width="39" height="39"/>
    </image>
    <image id="barracks_worker_ne_09">
        <layer group="108" image="64"/>
        <layer src_x="735" src_y="159" width="39" height="39"/>
    </image>
    <image id="barracks_worker_ne_10">
        <layer group="108" image="72"/>
        <layer src_x="774" src_y="159" width="39" height="39"/>
    </image>
    <image id="barracks_worker_ne_11">
        <layer group="108" image="80"/>
        <layer src_x="813" src_y="159" width="39" height="39"/>
    </image>
    <image id="barracks_worker_ne_12">
        <layer group="108" image="88"/>
        <layer src_x="852" src_y="159" width="39" height="39"/>
    </image>
    <image id="barracks_worker_e_01">
        <layer group="108" image="1"/>
        <layer src_x="891" src_y="159" width="39" height="39"/>
    </image>
    <image id="barracks_worker_e_02">
        <layer group="108" image="9"/>
        <layer src_x="930" src_y="159" width="39" height="39"/>
    </image>
    <image id="barracks_worker_e_03">
        <layer group="108" image="17"/>
        <layer src_x="969" src_y="159" width="39" height="39"/>
    </image>
    <image id="barracks_worker_e_04">
        <layer group="108" image="25"/>
        <layer src_x="1008" src_y="159" width="39" height="39"/>
    </image>
    <image id="barracks_worker_e_05">
        <layer group="108" image="33"/>
        <layer src_x="161" src_y="212" width="39" height="39"/>
    </image>
    <image id="barracks_worker_e_06">
        <layer group="108" image="41"/>
        <layer src_x="161" src_y="251" width="39" height="39"/>
    </image>
    <image id="barracks_worker_e_07">
        <layer group="108" image="49"/>
        <layer src_x="161" src_y="290" width="39" height="39"/>
    </image>
    <image id="barracks_worker_e_08">
        <layer group="108" image="57"/>
        <layer src_x="161" src_y="329" width="39" height="39"/>
    </image>
    <image id="barracks_worker_e_09">
        <layer group="108" image="65"/>
        <layer src_x="161" src_y="368" width="39" height="39"/>
    </image>
    <image id="barracks_worker_e_10">
        <layer group="108" image="73"/>
        <layer src_x="161" src_y="407" width="39" height="39"/>
    </image>
    <image id="barracks_worker_e_11">
        <layer group="108" image="81"/>
        <layer src_x="161" src_y="446" width="39" height="39"/>
    </image>
    <image id="barracks_worker_e_12">
        <layer group="108" image="89"/>
        <layer src_x="161" src_y="485" width="39" height="39"/>
    </image>
    <image id="barracks_worker_se_01">
        <layer group="108" image="2"/>
        <layer src_x="161" src_y="524" width="39" height="39"/>
    </image>
    <image id="barracks_worker_se_02">
        <layer group="108" image="10"/>
        <layer src_x="161" src_y="563" width="39" height="39"/>
    </image>
    <image id="barracks_worker_se_03">
        <layer group="108" image="18"/>
        <layer src_x="161" src_y="602" width="39" height="39"/>
    </image>
    <image id="barracks_worker_se_04">
        <layer group="108" image="26"/>
        <layer src_x="161" src_y="641" width="39" height="39"/>
    </image>
    <image id="barracks_worker_se_05">
        <layer group="108" image="34"/>
        <layer src_x="161" src_y="680" width="39" height="39"/>
    </image>
    <image id="barracks_worker_se_06">
        <layer group="108" image="42"/>
        <layer src_x="161" src_y="719" width="39" height="39"/>
    </image>
    <image id="barracks_worker_se_07">
        <layer group="108" image="50"/>
        <layer src_x="161" src_y="758" width="39" height="39"/>
    </image>
    <image id="barracks_worker_se_08">
        <layer group="108" image="58"/>
        <layer src_x="161" src_y="797" width="39" height="39"/>
    </image>
    <image id="barracks_worker_se_09">
        <layer group="108" image="66"/>
        <layer src_x="161" src_y="836" width="39" height="39"/>
    </image>
    <image id="barracks_worker_se_10">
        <layer group="108" image="74"/>
        <layer src_x="161" src_y="875" width="39" height="39"/>
    </image>
    <image id="barracks_worker_se_11">
        <layer group="108" image="82"/>
        <layer src_x="161" src_y="914" width="39" height="39"/>
    </image>
    <image id="barracks_worker_se_12">
        <layer group="108" image="90"/>
        <layer src_x="161" src_y="953" width="39" height="39"/>
    </image>
    <image id="barracks_worker_s_01">
        <layer group="108" image="3"/>
        <layer src_x="161" src_y="992" width="39" height="39"/>
    </image>
    <image id="barracks_worker_s_02">
        <layer group="108" image="11"/>
        <layer src_x="161" src_y="1031" width="39" height="39"/>
    </image>
    <image id="barracks_worker_s_03">
        <layer group="108" image="19"/>
        <layer src_x="200" src_y="212" width="39" height="39"/>
    </image>
    <image id="barracks_worker_s_04">
        <layer group="108" image="27"/>
        <layer src_x="200" src_y="251" width="39" height="39"/>
    </image>
    <image id="barracks_worker_s_05">
        <layer group="108" image="35"/>
        <layer src_x="200" src_y="290" width="39" height="39"/>
    </image>
    <image id="barracks_worker_s_06">
        <layer group="108" image="43"/>
        <layer src_x="200" src_y="329" width="39" height="39"/>
    </image>
    <image id="barracks_worker_s_07">
        <layer group="108" image="51"/>
        <layer src_x="200" src_y="368" width="39" height="39"/>
    </image>
    <image id="barracks_worker_s_08">
        <layer group="108" image="59"/>
        <layer src_x="200" src_y="407" width="39" height="39"/>
    </image>
    <image id="barracks_worker_s_09">
        <layer group="108" image="67"/>
        <layer src_x="200" src_y="446" width="39" height="39"/>
    </image>
    <image id="barracks_worker_s_10">
        <layer group="108" image="75"/>
        <layer src_x="200" src_y="485" width="39" height="39"/>
    </image>
    <image id="barracks_worker_s_11">
        <layer group="108" image="83"/>
        <layer src_x="200" src_y="524" width="39" height="39"/>
    </image>
    <image id="barracks_worker_s_12">
        <layer group="108" image="91"/>
        <layer src_x="200" src_y="563" width="39" height="39"/>
    </image>
    <image id="barracks_worker_sw_01">
        <layer group="108" image="4"/>
        <layer src_x="200" src_y="602" width="39" height="39"/>
    </image>
    <image id="barracks_worker_sw_02">
        <layer group="108" image="12"/>
        <layer src_x="200" src_y="641" width="39" height="39"/>
    </image>
    <image id="barracks_worker_sw_03">
        <layer group="108" image="20"/>
        <layer src_x="200" src_y="680" width="39" height="39"/>
    </image>
    <image id="barracks_worker_sw_04">
        <layer group="108" image="28"/>
        <layer src_x="200" src_y="719" width="39" height="39"/>
    </image>
    <image id="barracks_worker_sw_05">
        <layer group="108" image="36"/>
        <layer src_x="200" src_y="758" width="39" height="39"/>
    </image>
    <image id="barracks_worker_sw_06">
        <layer group="108" image="44"/>
        <layer src_x="200" src_y="797" width="39" height="39"/>
    </image>
    <image id="barracks_worker_sw_07">
        <layer group="108" image="52"/>
        <layer src_x="200" src_y="836" width="39" height="39"/>
    </image>
    <image id="barracks_worker_sw_08">
        <layer group="108" image="60"/>
        <layer src_x="200" src_y="875" width="39" height="39"/>
    </image>
    <image id="barracks_worker_sw_09">
        <layer group="108" image="68"/>
        <layer src_x="200" src_y="914" width="39" height="39"/>
    </image>
    <image id="barracks_worker_sw_10">
        <layer group="108" image="76"/>
        <layer src_x="200" src_y="953" width="39" height="39"/>
    </image>
    <image id="barracks_worker_sw_11">
        <layer group="108" image="84"/>
        <layer src_x="200" src_y="992" width="39" height="39"/>
    </image>
    <image id="barracks_worker_sw_12">
        <layer group="108" image="92"/>
        <layer src_x="200" src_y="1031" width="39" height="39"/>
    </image>
    <image id="barracks_worker_w_01">
        <layer group="108" image="5"/>
        <layer src_x="239" src_y="212" width="39" height="39"/>
    </image>
    <image id="barracks_worker_w_02">
        <layer group="108" image="13"/>
        <layer src_x="278" src_y="212" width="39" height="39"/>
    </image>
    <image id="barracks_worker_w_03">
        <layer group="108" image="21"/>
        <layer src_x="317" src_y="212" width="39" height="39"/>
    </image>
    <image id="barracks_worker_w_04">
        <layer group="108" image="29"/>
        <layer src_x="356" src_y="212" width="39" height="39"/>
    </image>
    <image id="barracks_worker_w_05">
        <layer group="108" image="37"/>
        <layer src_x="395" src_y="212" width="39" height="39"/>
    </image>
    <image id="barracks_worker_w_06">
        <layer group="108" image="45"/>
        <layer src_x="434" src_y="212" width="39" height="39"/>
    </image>
    <image id="barracks_worker_w_07">
        <layer group="108" image="53"/>
        <layer src_x="473" src_y="212" width="39" height="39"/>
    </image>
    <image id="barracks_worker_w_08">
        <layer group="108" image="61"/>
        <layer src_x="512" src_y="212" width="39" height="39"/>
    </image>
    <image id="barracks_worker_w_09">
        <layer group="108" image="69"/>
        <layer src_x="551" src_y="212" width="39" height="39"/>
    </image>
    <image id="barracks_worker_w_10">
        <layer group="108" image="77"/>
        <layer src_x="590" src_y="212" width="39" height="39"/>
    </image>
    <image id="barracks_worker_w_11">
        <layer group="108" image="85"/>
        <layer src_x="629" src_y="212" width="39" height="39"/>
    </image>
    <image id="barracks_worker_w_12">
        <layer group="108" image="93"/>
        <layer src_x="668" src_y="212" width="39" height="39"/>
    </image>
    <image id="barracks_worker_nw_01">
        <layer group="108" image="6"/>
        <layer src_x="707" src_y="212" width="39" height="39"/>
    </image>
    <image id="barracks_worker_nw_02">
        <layer group="108" image="14"/>
        <layer src_x="746" src_y="212" width="39" height="39"/>
    </image>
    <image id="barracks_worker_nw_03">
        <layer group="108" image="22"/>
        <layer src_x="785" src_y="212" width="39" height="39"/>
    </image>
    <image id="barracks_worker_nw_04">
        <layer group="108" image="30"/>
        <layer src_x="824" src_y="212" width="39" height="39"/>
    </image>
    <image id="barracks_worker_nw_05">
        <layer group="108" image="38"/>
        <layer src_x="863" src_y="212" width="39" height="39"/>
    </image>
    <image id="barracks_worker_nw_06">
        <layer group="108" image="46"/>
        <layer src_x="902" src_y="212" width="39" height="39"/>
    </image>
    <image id="barracks_worker_nw_07">
        <layer group="108" image="54"/>
        <layer src_x="941" src_y="212" width="39" height="39"/>
    </image>
    <image id="barracks_worker_nw_08">
        <layer group="108" image="62"/>
        <layer src_x="980" src_y="212" width="39" height="39"/>
    </image>
    <image id="barracks_worker_nw_09">
        <layer group="108" image="70"/>
        <layer src_x="1019" src_y="212" width="39" height="39"/>
    </image>
    <image id="barracks_worker_nw_10">
        <layer group="108" image="78"/>
        <layer src_x="239" src_y="251" width="39" height="39"/>
    </image>
    <image id="barracks_worker_nw_11">
        <layer group="108" image="86"/>
        <layer src_x="239" src_y="290" width="39" height="39"/>
    </image>
    <image id="barracks_worker_nw_12">
        <layer group="108" image="94"/>
        <layer src_x="239" src_y="329" width="39" height="39"/>
    </image>
    <image id="barracks_worker_n_01">
        <layer group="108" image="7"/>
        <layer src_x="239" src_y="368" width="39" height="39"/>
    </image>
    <image id="barracks_worker_n_02">
        <layer group="108" image="15"/>
        <layer src_x="239" src_y="407" width="39" height="39"/>
    </image>
    <image id="barracks_worker_n_03">
        <layer group="108" image="23"/>
        <layer src_x="239" src_y="446" width="39" height="39"/>
    </image>
    <image id="barracks_worker_n_04">
        <layer group="108" image="31"/>
        <layer src_x="239" src_y="485" width="39" height="39"/>
    </image>
    <image id="barracks_worker_n_05">
        <layer group="108" image="39"/>
        <layer src_x="239" src_y="524" width="39" height="39"/>
    </image>
    <image id="barracks_worker_n_06">
        <layer group="108" image="47"/>
        <layer src_x="239" src_y="563" width="39" height="39"/>
    </image>
    <image id="barracks_worker_n_07">
        <layer group="108" image="55"/>
        <layer src_x="239" src_y="602" width="39" height="39"/>
    </image>
    <image id="barracks_worker_n_08">
        <layer group="108" image="63"/>
        <layer src_x="239" src_y="641" width="39" height="39"/>
    </image>
    <image id="barracks_worker_n_09">
        <layer group="108" image="71"/>
        <layer src_x="239" src_y="680" width="39" height="39"/>
    </image>
    <image id="barracks_worker_n_10">
        <layer group="108" image="79"/>
        <layer src_x="239" src_y="719" width="39" height="39"/>
    </image>
    <image id="barracks_worker_n_11">
        <layer group="108" image="87"/>
        <layer src_x="239" src_y="758" width="39" height="39"/>
    </image>
    <image id="barracks_worker_n_12">
        <layer group="108" image="95"/>
        <layer src_x="239" src_y="797" width="39" height="39"/>
    </image>
    <image id="M Hall Portrait">
        <layer group="190" image="14"/>
        <layer src_y="316" width="55" height="79"/>
    </image>
    <image id="M Hall death 01">
        <layer src_x="239" src_y="875" width="39" height="39"/>
    </image>
    <image id="M Hall death 02">
        <layer src_x="473" src_y="758" width="39" height="39"/>
    </image>
    <image id="M Hall death 03">
        <layer src_x="239" src_y="953" width="39" height="39"/>
    </image>
    <image id="M Hall death 04">
        <layer src_x="239" src_y="992" width="39" height="39"/>
    </image>
    <image id="M Hall death 05">
        <layer src_x="239" src_y="1031" width="39" height="39"/>
    </image>
    <image id="M Hall death 06">
        <layer src_x="278" src_y="251" width="39" height="39"/>
    </image>
    <image id="M Hall death 07">
        <layer src_x="317" src_y="251" width="39" height="39"/>
    </image>
    <image id="M Hall death 08">
        <layer src_x="356" src_y="251" width="39" height="39"/>
    </image>
    <image id="M Hall NE 01">
        <layer src_x="395" src_y="251" width="39" height="39"/>
    </image>
    <image id="M Hall NE 02">
        <layer src_x="434" src_y="251" width="39" height="39"/>
    </image>
    <image id="M Hall NE 03">
        <layer src_x="473" src_y="251" width="39" height="39"/>
    </image>
    <image id="M Hall NE 04">
        <layer src_x="512" src_y="251" width="39" height="39"/>
    </image>
    <image id="M Hall NE 05">
        <layer src_x="551" src_y="251" width="39" height="39"/>
    </image>
    <image id="M Hall NE 06">
        <layer src_x="590" src_y="251" width="39" height="39"/>
    </image>
    <image id="M Hall NE 07">
        <layer src_x="629" src_y="251" width="39" height="39"/>
    </image>
    <image id="M Hall NE 08">
        <layer src_x="668" src_y="251" width="39" height="39"/>
    </image>
    <image id="M Hall NE 09">
        <layer src_x="707" src_y="251" width="39" height="39"/>
    </image>
    <image id="M Hall NE 10">
        <layer src_x="746" src_y="251" width="39" height="39"/>
    </image>
    <image id="M Hall NE 11">
        <layer src_x="785" src_y="251" width="39" height="39"/>
    </image>
    <image id="M Hall NE 12">
        <layer src_x="824" src_y="251" width="39" height="39"/>
    </image>
    <image id="M Hall E 01">
        <layer src_x="863" src_y="251" width="39" height="39"/>
    </image>
    <image id="M Hall E 02">
        <layer src_x="902" src_y="251" width="39" height="39"/>
    </image>
    <image id="M Hall E 03">
        <layer src_x="941" src_y="251" width="39" height="39"/>
    </image>
    <image id="M Hall E 04">
        <layer src_x="980" src_y="251" width="39" height="39"/>
    </image>
    <image id="M Hall E 05">
        <layer src_x="1019" src_y="251" width="39" height="39"/>
    </image>
    <image id="M Hall E 06">
        <layer src_x="278" src_y="290" width="39" height="39"/>
    </image>
    <image id="M Hall E 07">
        <layer src_x="278" src_y="329" width="39" height="39"/>
    </image>
    <image id="M Hall E 08">
        <layer src_x="278" src_y="368" width="39" height="39"/>
    </image>
    <image id="M Hall E 09">
        <layer src_x="278" src_y="407" width="39" height="39"/>
    </image>
    <image id="M Hall E 10">
        <layer src_x="278" src_y="446" width="39" height="39"/>
    </image>
    <image id="M Hall E 11">
        <layer src_x="278" src_y="485" width="39" height="39"/>
    </image>
    <image id="M Hall E 12">
        <layer src_x="278" src_y="524" width="39" height="39"/>
    </image>
    <image id="M Hall SE 01">
        <layer src_x="278" src_y="563" width="39" height="39"/>
    </image>
    <image id="M Hall SE 02">
        <layer src_x="278" src_y="602" width="39" height="39"/>
    </image>
    <image id="M Hall SE 03">
        <layer src_x="278" src_y="641" width="39" height="39"/>
    </image>
    <image id="M Hall SE 04">
        <layer src_x="278" src_y="680" width="39" height="39"/>
    </image>
    <image id="M Hall SE 05">
        <layer src_x="278" src_y="719" width="39" height="39"/>
    </image>
    <image id="M Hall SE 06">
        <layer src_x="278" src_y="758" width="39" height="39"/>
    </image>
    <image id="M Hall SE 07">
        <layer src_x="278" src_y="797" width="39" height="39"/>
    </image>
    <image id="M Hall SE 08">
        <layer src_x="278" src_y="836" width="39" height="39"/>
    </image>
    <image id="M Hall SE 09">
        <layer src_x="278" src_y="875" width="39" height="39"/>
    </image>
    <image id="M Hall SE 10">
        <layer src_x="278" src_y="914" width="39" height="39"/>
    </image>
    <image id="M Hall SE 11">
        <layer src_x="278" src_y="953" width="39" height="39"/>
    </image>
    <image id="M Hall SE 12">
        <layer src_x="278" src_y="992" width="39" height="39"/>
    </image>
    <image id="M Hall S 01">
        <layer src_x="278" src_y="1031" width="39" height="39"/>
    </image>
    <image id="M Hall S 02">
        <layer src_x="317" src_y="290" width="39" height="39"/>
    </image>
    <image id="M Hall S 03">
        <layer src_x="356" src_y="290" width="39" height="39"/>
    </image>
    <image id="M Hall S 04">
        <layer src_x="395" src_y="290" width="39" height="39"/>
    </image>
    <image id="M Hall S 05">
        <layer src_x="434" src_y="290" width="39" height="39"/>
    </image>
    <image id="M Hall S 06">
        <layer src_x="473" src_y="290" width="39" height="39"/>
    </image>
    <image id="M Hall S 07">
        <layer src_x="512" src_y="290" width="39" height="39"/>
    </image>
    <image id="M Hall S 08">
        <layer src_x="551" src_y="290" width="39" height="39"/>
    </image>
    <image id="M Hall S 09">
        <layer src_x="629" src_y="1031" width="39" height="39"/>
    </image>
    <image id="M Hall S 10">
        <layer src_x="629" src_y="290" width="39" height="39"/>
    </image>
    <image id="M Hall S 11">
        <layer src_x="668" src_y="290" width="39" height="39"/>
    </image>
    <image id="M Hall S 12">
        <layer src_x="707" src_y="290" width="39" height="39"/>
    </image>
    <image id="M Hall SW 01">
        <layer src_x="746" src_y="290" width="39" height="39"/>
    </image>
    <image id="M Hall SW 02">
        <layer src_x="785" src_y="290" width="39" height="39"/>
    </image>
    <image id="M Hall SW 03">
        <layer src_x="824" src_y="290" width="39" height="39"/>
    </image>
    <image id="M Hall SW 04">
        <layer src_x="863" src_y="290" width="39" height="39"/>
    </image>
    <image id="M Hall SW 05">
        <layer src_x="902" src_y="290" width="39" height="39"/>
    </image>
    <image id="M Hall SW 06">
        <layer src_x="941" src_y="290" width="39" height="39"/>
    </image>
    <image id="M Hall SW 07">
        <layer src_x="980" src_y="290" width="39" height="39"/>
    </image>
    <image id="M Hall SW 08">
        <layer src_x="1019" src_y="290" width="39" height="39"/>
    </image>
    <image id="M Hall SW 09">
        <layer src_x="317" src_y="329" width="39" height="39"/>
    </image>
    <image id="M Hall SW 10">
        <layer src_x="317" src_y="368" width="39" height="39"/>
    </image>
    <image id="M Hall SW 11">
        <layer src_x="317" src_y="407" width="39" height="39"/>
    </image>
    <image id="M Hall SW 12">
        <layer src_x="317" src_y="446" width="39" height="39"/>
    </image>
    <image id="M Hall W 01">
        <layer src_x="317" src_y="485" width="39" height="39"/>
    </image>
    <image id="M Hall W 02">
        <layer src_x="317" src_y="524" width="39" height="39"/>
    </image>
    <image id="M Hall W 03">
        <layer src_x="317" src_y="563" width="39" height="39"/>
    </image>
    <image id="M Hall W 04">
        <layer src_x="317" src_y="602" width="39" height="39"/>
    </image>
    <image id="M Hall W 05">
        <layer src_x="317" src_y="641" width="39" height="39"/>
    </image>
    <image id="M Hall W 06">
        <layer src_x="317" src_y="680" width="39" height="39"/>
    </image>
    <image id="M Hall W 07">
        <layer src_x="317" src_y="719" width="39" height="39"/>
    </image>
    <image id="M Hall W 08">
        <layer src_x="317" src_y="758" width="39" height="39"/>
    </image>
    <image id="M Hall W 09">
        <layer src_x="317" src_y="797" width="39" height="39"/>
    </image>
    <image id="M Hall W 10">
        <layer src_x="317" src_y="836" width="39" height="39"/>
    </image>
    <image id="M Hall W 11">
        <layer src_x="317" src_y="875" width="39" height="39"/>
    </image>
    <image id="M Hall W 12">
        <layer src_x="317" src_y="914" width="39" height="39"/>
    </image>
    <image id="M Hall NW 01">
        <layer src_x="317" src_y="953" width="39" height="39"/>
    </image>
    <image id="M Hall NW 02">
        <layer src_x="317" src_y="992" width="39" height="39"/>
    </image>
    <image id="M Hall NW 03">
        <layer src_x="317" src_y="1031" width="39" height="39"/>
    </image>
    <image id="M Hall NW 04">
        <layer src_x="356" src_y="329" width="39" height="39"/>
    </image>
    <image id="M Hall NW 05">
        <layer src_x="395" src_y="329" width="39" height="39"/>
    </image>
    <image id="M Hall NW 06">
        <layer src_x="434" src_y="329" width="39" height="39"/>
    </image>
    <image id="M Hall NW 07">
        <layer src_x="473" src_y="329" width="39" height="39"/>
    </image>
    <image id="M Hall NW 08">
        <layer src_x="512" src_y="329" width="39" height="39"/>
    </image>
    <image id="M Hall NW 09">
        <layer src_x="551" src_y="329" width="39" height="39"/>
    </image>
    <image id="M Hall NW 10">
        <layer src_x="590" src_y="329" width="39" height="39"/>
    </image>
    <image id="M Hall NW 11">
        <layer src_x="629" src_y="329" width="39" height="39"/>
    </image>
    <image id="M Hall NW 12">
        <layer src_x="668" src_y="329" width="39" height="39"/>
    </image>
    <image id="M Hall N 01">
        <layer src_x="707" src_y="329" width="39" height="39"/>
    </image>
    <image id="M Hall N 02">
        <layer src_x="746" src_y="329" width="39" height="39"/>
    </image>
    <image id="M Hall N 03">
        <layer src_x="785" src_y="329" width="39" height="39"/>
    </image>
    <image id="M Hall N 04">
        <layer src_x="824" src_y="329" width="39" height="39"/>
    </image>
    <image id="M Hall N 05">
        <layer src_x="863" src_y="329" width="39" height="39"/>
    </image>
    <image id="M Hall N 06">
        <layer src_x="902" src_y="329" width="39" height="39"/>
    </image>
    <image id="M Hall N 07">
        <layer src_x="941" src_y="329" width="39" height="39"/>
    </image>
    <image id="M Hall N 08">
        <layer src_x="980" src_y="329" width="39" height="39"/>
    </image>
    <image id="M Hall N 09">
        <layer src_x="1019" src_y="329" width="39" height="39"/>
    </image>
    <image id="M Hall N 10">
        <layer src_x="356" src_y="368" width="39" height="39"/>
    </image>
    <image id="M Hall N 11">
        <layer src_x="356" src_y="407" width="39" height="39"/>
    </image>
    <image id="M Hall N 12">
        <layer src_x="356" src_y="446" width="39" height="39"/>
    </image>
    <image id="Ox_Portrait">
        <layer group="190" image="7"/>
        <layer src_y="158" width="55" height="79"/>
    </image>
    <image id="ox_death_01">
        <layer src_x="161" src_y="159" width="53" height="53"/>
    </image>
    <image id="ox_death_02">
        <layer src_x="108" src_y="1007" width="53" height="53"/>
    </image>
    <image id="ox_death_03">
        <layer src_x="108" src_y="954" width="53" height="53"/>
    </image>
    <image id="ox_death_04">
        <layer src_x="108" src_y="901" width="53" height="53"/>
    </image>
    <image id="ox_death_05">
        <layer src_x="108" src_y="848" width="53" height="53"/>
    </image>
    <image id="ox_death_06">
        <layer src_x="108" src_y="795" width="53" height="53"/>
    </image>
    <image id="ox_death_07">
        <layer src_x="108" src_y="742" width="53" height="53"/>
    </image>
    <image id="ox_death_08">
        <layer src_x="108" src_y="689" width="53" height="53"/>
    </image>
    <image id="ox_ne_01">
        <layer src_x="108" src_y="636" width="53" height="53"/>
    </image>
    <image id="ox_ne_02">
        <layer src_x="108" src_y="583" width="53" height="53"/>
    </image>
    <image id="ox_ne_03">
        <layer src_x="108" src_y="530" width="53" height="53"/>
    </image>
    <image id="ox_ne_04">
        <layer src_x="108" src_y="477" width="53" height="53"/>
    </image>
    <image id="ox_ne_05">
        <layer src_x="108" src_y="424" width="53" height="53"/>
    </image>
    <image id="ox_ne_06">
        <layer src_x="108" src_y="371" width="53" height="53"/>
    </image>
    <image id="ox_ne_07">
        <layer src_x="108" src_y="318" width="53" height="53"/>
    </image>
    <image id="ox_ne_08">
        <layer src_x="108" src_y="265" width="53" height="53"/>
    </image>
    <image id="ox_ne_09">
        <layer src_x="108" src_y="212" width="53" height="53"/>
    </image>
    <image id="ox_ne_10">
        <layer src_x="108" src_y="159" width="53" height="53"/>
    </image>
    <image id="ox_ne_11">
        <layer src_x="1009" src_y="106" width="53" height="53"/>
    </image>
    <image id="ox_ne_12">
        <layer src_x="956" src_y="106" width="53" height="53"/>
    </image>
    <image id="ox_e_01">
        <layer src_x="903" src_y="106" width="53" height="53"/>
    </image>
    <image id="ox_e_02">
        <layer src_x="850" src_y="106" width="53" height="53"/>
    </image>
    <image id="ox_e_03">
        <layer src_x="797" src_y="106" width="53" height="53"/>
    </image>
    <image id="ox_e_04">
        <layer src_x="744" src_y="106" width="53" height="53"/>
    </image>
    <image id="ox_e_05">
        <layer src_x="691" src_y="106" width="53" height="53"/>
    </image>
    <image id="ox_e_06">
        <layer src_x="638" src_y="106" width="53" height="53"/>
    </image>
    <image id="ox_e_07">
        <layer src_x="585" src_y="106" width="53" height="53"/>
    </image>
    <image id="ox_e_08">
        <layer src_x="532" src_y="106" width="53" height="53"/>
    </image>
    <image id="ox_e_09">
        <layer src_x="479" src_y="106" width="53" height="53"/>
    </image>
    <image id="ox_e_10">
        <layer src_x="426" src_y="106" width="53" height="53"/>
    </image>
    <image id="ox_e_11">
        <layer src_x="373" src_y="106" width="53" height="53"/>
    </image>
    <image id="ox_e_12">
        <layer src_x="320" src_y="106" width="53" height="53"/>
    </image>
    <image id="ox_se_01">
        <layer src_x="267" src_y="106" width="53" height="53"/>
    </image>
    <image id="ox_se_02">
        <layer src_x="214" src_y="106" width="53" height="53"/>
    </image>
    <image id="ox_se_03">
        <layer src_x="161" src_y="106" width="53" height="53"/>
    </image>
    <image id="ox_se_04">
        <layer src_x="108" src_y="106" width="53" height="53"/>
    </image>
    <image id="ox_se_05">
        <layer src_x="55" src_y="1007" width="53" height="53"/>
    </image>
    <image id="ox_se_06">
        <layer src_x="55" src_y="954" width="53" height="53"/>
    </image>
    <image id="ox_se_07">
        <layer src_x="55" src_y="901" width="53" height="53"/>
    </image>
    <image id="ox_se_08">
        <layer src_x="55" src_y="848" width="53" height="53"/>
    </image>
    <image id="ox_se_09">
        <layer src_x="55" src_y="795" width="53" height="53"/>
    </image>
    <image id="ox_se_10">
        <layer src_x="55" src_y="742" width="53" height="53"/>
    </image>
    <image id="ox_se_11">
        <layer src_x="55" src_y="689" width="53" height="53"/>
    </image>
    <image id="ox_se_12">
        <layer src_x="55" src_y="636" width="53" height="53"/>
    </image>
    <image id="ox_s_01">
        <layer src_x="55" src_y="583" width="53" height="53"/>
    </image>
    <image id="ox_s_02">
        <layer src_x="55" src_y="530" width="53" height="53"/>
    </image>
    <image id="ox_s_03">
        <layer src_x="55" src_y="477" width="53" height="53"/>
    </image>
    <image id="ox_s_04">
        <layer src_x="55" src_y="424" width="53" height="53"/>
    </image>
    <image id="ox_s_05">
        <layer src_x="55" src_y="371" width="53" height="53"/>
    </image>
    <image id="ox_s_06">
        <layer src_x="55" src_y="318" width="53" height="53"/>
    </image>
    <image id="ox_s_07">
        <layer src_x="55" src_y="265" width="53" height="53"/>
    </image>
    <image id="ox_s_08">
        <layer src_x="55" src_y="212" width="53" height="53"/>
    </image>
    <image id="ox_s_09">
        <layer src_x="55" src_y="159" width="53" height="53"/>
    </image>
    <image id="ox_s_10">
        <layer src_x="55" src_y="106" width="53" height="53"/>
    </image>
    <image id="ox_s_11">
        <layer src_x="1009" src_y="53" width="53" height="53"/>
    </image>
    <image id="ox_s_12">
        <layer src_x="956" src_y="53" width="53" height="53"/>
    </image>
    <image id="ox_sw_01">
        <layer src_x="903" src_y="53" width="53" height="53"/>
    </image>
    <image id="ox_sw_02">
        <layer src_x="850" src_y="53" width="53" height="53"/>
    </image>
    <image id="ox_sw_03">
        <layer src_x="797" src_y="53" width="53" height="53"/>
    </image>
    <image id="ox_sw_04">
        <layer src_x="744" src_y="53" width="53" height="53"/>
    </image>
    <image id="ox_sw_05">
        <layer src_x="691" src_y="53" width="53" height="53"/>
    </image>
    <image id="ox_sw_06">
        <layer src_x="638" src_y="53" width="53" height="53"/>
    </image>
    <image id="ox_sw_07">
        <layer src_x="585" src_y="53" width="53" height="53"/>
    </image>
    <image id="ox_sw_08">
        <layer src_x="532" src_y="53" width="53" height="53"/>
    </image>
    <image id="ox_sw_09">
        <layer src_x="479" src_y="53" width="53" height="53"/>
    </image>
    <image id="ox_sw_10">
        <layer src_x="426" src_y="53" width="53" height="53"/>
    </image>
    <image id="ox_sw_11">
        <layer src_x="373" src_y="53" width="53" height="53"/>
    </image>
    <image id="ox_sw_12">
        <layer src_x="320" src_y="53" width="53" height="53"/>
    </image>
    <image id="ox_w_01">
        <layer src_x="267" src_y="53" width="53" height="53"/>
    </image>
    <image id="ox_w_02">
        <layer src_x="214" src_y="53" width="53" height="53"/>
    </image>
    <image id="ox_w_03">
        <layer src_x="161" src_y="53" width="53" height="53"/>
    </image>
    <image id="ox_w_04">
        <layer src_x="108" src_y="53" width="53" height="53"/>
    </image>
    <image id="ox_w_05">
        <layer src_x="55" src_y="53" width="53" height="53"/>
    </image>
    <image id="ox_w_06">
        <layer src_x="1009" width="53" height="53"/>
    </image>
    <image id="ox_w_07">
        <layer src_x="956" width="53" height="53"/>
    </image>
    <image id="ox_w_08">
        <layer src_x="903" width="53" height="53"/>
    </image>
    <image id="ox_w_09">
        <layer src_x="850" width="53" height="53"/>
    </image>
    <image id="ox_w_10">
        <layer src_x="797" width="53" height="53"/>
    </image>
    <image id="ox_w_11">
        <layer src_x="744" width="53" height="53"/>
    </image>
    <image id="ox_w_12">
        <layer src_x="691" width="53" height="53"/>
    </image>
    <image id="ox_nw_01">
        <layer src_x="638" width="53" height="53"/>
    </image>
    <image id="ox_nw_02">
        <layer src_x="585" width="53" height="53"/>
    </image>
    <image id="ox_nw_03">
        <layer src_x="532" width="53" height="53"/>
    </image>
    <image id="ox_nw_04">
        <layer src_x="479" width="53" height="53"/>
    </image>
    <image id="ox_nw_05">
        <layer src_x="426" width="53" height="53"/>
    </image>
    <image id="ox_nw_06">
        <layer src_x="373" width="53" height="53"/>
    </image>
    <image id="ox_nw_07">
        <layer src_x="320" width="53" height="53"/>
    </image>
    <image id="ox_nw_08">
        <layer src_x="267" width="53" height="53"/>
    </image>
    <image id="ox_nw_09">
        <layer src_x="214" width="53" height="53"/>
    </image>
    <image id="ox_nw_10">
        <layer src_x="161" width="53" height="53"/>
    </image>
    <image id="ox_nw_11">
        <layer src_x="108" width="53" height="53"/>
    </image>
    <image id="ox_nw_12">
        <layer src_x="55" width="53" height="53"/>
    </image>
    <image id="ox_n_01">
        <layer src_y="1004" width="53" height="53"/>
    </image>
    <image id="ox_n_02">
        <layer src_y="951" width="53" height="53"/>
    </image>
    <image id="ox_n_03">
        <layer src_y="898" width="53" height="53"/>
    </image>
    <image id="ox_n_04">
        <layer src_y="845" width="53" height="53"/>
    </image>
    <image id="ox_n_05">
        <layer src_y="792" width="53" height="53"/>
    </image>
    <image id="ox_n_06">
        <layer src_y="739" width="53" height="53"/>
    </image>
    <image id="ox_n_07">
        <layer src_y="686" width="53" height="53"/>
    </image>
    <image id="ox_n_08">
        <layer src_y="633" width="53" height="53"/>
    </image>
    <image id="ox_n_09">
        <layer src_y="580" width="53" height="53"/>
    </image>
    <image id="ox_n_10">
        <layer src_y="527" width="53" height="53"/>
    </image>
    <image id="ox_n_11">
        <layer src_x="214" src_y="159" width="53" height="53"/>
    </image>
    <image id="ox_n_12">
        <layer src_y="474" width="53" height="53"/>
    </image>
    <image id="Slave Portrait">
        <layer group="190" image="14"/>
        <layer src_y="79" width="55" height="79"/>
    </image>
    <image id="Slave death 01">
        <layer src_x="473" src_y="875" width="39" height="39"/>
    </image>
    <image id="Slave death 02">
        <layer src_x="473" src_y="914" width="39" height="39"/>
    </image>
    <image id="Slave death 03">
        <layer src_x="473" src_y="953" width="39" height="39"/>
    </image>
    <image id="Slave death 04">
        <layer src_x="473" src_y="992" width="39" height="39"/>
    </image>
    <image id="Slave death 05">
        <layer src_x="473" src_y="1031" width="39" height="39"/>
    </image>
    <image id="Slave death 06">
        <layer src_x="512" src_y="485" width="39" height="39"/>
    </image>
    <image id="Slave death 07">
        <layer src_x="551" src_y="485" width="39" height="39"/>
    </image>
    <image id="Slave death 08">
        <layer src_x="590" src_y="485" width="39" height="39"/>
    </image>
    <image id="Slave NE 01">
        <layer src_x="629" src_y="485" width="39" height="39"/>
    </image>
    <image id="Slave NE 02">
        <layer src_x="668" src_y="485" width="39" height="39"/>
    </image>
    <image id="Slave NE 03">
        <layer src_x="707" src_y="485" width="39" height="39"/>
    </image>
    <image id="Slave NE 04">
        <layer src_x="746" src_y="485" width="39" height="39"/>
    </image>
    <image id="Slave NE 05">
        <layer src_x="785" src_y="485" width="39" height="39"/>
    </image>
    <image id="Slave NE 06">
        <layer src_x="824" src_y="485" width="39" height="39"/>
    </image>
    <image id="Slave NE 07">
        <layer src_x="863" src_y="485" width="39" height="39"/>
    </image>
    <image id="Slave NE 08">
        <layer src_x="902" src_y="485" width="39" height="39"/>
    </image>
    <image id="Slave NE 09">
        <layer src_x="941" src_y="485" width="39" height="39"/>
    </image>
    <image id="Slave NE 10">
        <layer src_x="980" src_y="485" width="39" height="39"/>
    </image>
    <image id="Slave NE 11">
        <layer src_x="1019" src_y="485" width="39" height="39"/>
    </image>
    <image id="Slave NE 12">
        <layer src_x="512" src_y="524" width="39" height="39"/>
    </image>
    <image id="Slave E 01">
        <layer src_x="512" src_y="563" width="39" height="39"/>
    </image>
    <image id="Slave E 02">
        <layer src_x="512" src_y="602" width="39" height="39"/>
    </image>
    <image id="Slave E 03">
        <layer src_x="512" src_y="641" width="39" height="39"/>
    </image>
    <image id="Slave E 04">
        <layer src_x="512" src_y="680" width="39" height="39"/>
    </image>
    <image id="Slave E 05">
        <layer src_x="512" src_y="719" width="39" height="39"/>
    </image>
    <image id="Slave E 06">
        <layer src_x="512" src_y="758" width="39" height="39"/>
    </image>
    <image id="Slave E 07">
        <layer src_x="512" src_y="797" width="39" height="39"/>
    </image>
    <image id="Slave E 08">
        <layer src_x="512" src_y="836" width="39" height="39"/>
    </image>
    <image id="Slave E 09">
        <layer src_x="512" src_y="875" width="39" height="39"/>
    </image>
    <image id="Slave E 10">
        <layer src_x="512" src_y="914" width="39" height="39"/>
    </image>
    <image id="Slave E 11">
        <layer src_x="512" src_y="953" width="39" height="39"/>
    </image>
    <image id="Slave E 12">
        <layer src_x="512" src_y="992" width="39" height="39"/>
    </image>
    <image id="Slave SE 01">
        <layer src_x="512" src_y="1031" width="39" height="39"/>
    </image>
    <image id="Slave SE 02">
        <layer src_x="551" src_y="524" width="39" height="39"/>
    </image>
    <image id="Slave SE 03">
        <layer src_x="590" src_y="524" width="39" height="39"/>
    </image>
    <image id="Slave SE 04">
        <layer src_x="629" src_y="524" width="39" height="39"/>
    </image>
    <image id="Slave SE 05">
        <layer src_x="668" src_y="524" width="39" height="39"/>
    </image>
    <image id="Slave SE 06">
        <layer src_x="707" src_y="524" width="39" height="39"/>
    </image>
    <image id="Slave SE 07">
        <layer src_x="746" src_y="524" width="39" height="39"/>
    </image>
    <image id="Slave SE 08">
        <layer src_x="785" src_y="524" width="39" height="39"/>
    </image>
    <image id="Slave SE 09">
        <layer src_x="824" src_y="524" width="39" height="39"/>
    </image>
    <image id="Slave SE 10">
        <layer src_x="863" src_y="524" width="39" height="39"/>
    </image>
    <image id="Slave SE 11">
        <layer src_x="902" src_y="524" width="39" height="39"/>
    </image>
    <image id="Slave SE 12">
        <layer src_x="941" src_y="524" width="39" height="39"/>
    </image>
    <image id="Slave S 01">
        <layer src_x="980" src_y="524" width="39" height="39"/>
    </image>
    <image id="Slave S 02">
        <layer src_x="1019" src_y="524" width="39" height="39"/>
    </image>
    <image id="Slave S 03">
        <layer src_x="551" src_y="563" width="39" height="39"/>
    </image>
    <image id="Slave S 04">
        <layer src_x="551" src_y="602" width="39" height="39"/>
    </image>
    <image id="Slave S 05">
        <layer src_x="551" src_y="641" width="39" height="39"/>
    </image>
    <image id="Slave S 06">
        <layer src_x="551" src_y="680" width="39" height="39"/>
    </image>
    <image id="Slave S 07">
        <layer src_x="551" src_y="719" width="39" height="39"/>
    </image>
    <image id="Slave S 08">
        <layer src_x="551" src_y="758" width="39" height="39"/>
    </image>
    <image id="Slave S 09">
        <layer src_x="551" src_y="797" width="39" height="39"/>
    </image>
    <image id="Slave S 10">
        <layer src_x="551" src_y="836" width="39" height="39"/>
    </image>
    <image id="Slave S 11">
        <layer src_x="551" src_y="875" width="39" height="39"/>
    </image>
    <image id="Slave S 12">
        <layer src_x="551" src_y="914" width="39" height="39"/>
    </image>
    <image id="Slave SW 01">
        <layer src_x="551" src_y="953" width="39" height="39"/>
    </image>
    <image id="Slave SW 02">
        <layer src_x="551" src_y="992" width="39" height="39"/>
    </image>
    <image id="Slave SW 03">
        <layer src_x="551" src_y="1031" width="39" height="39"/>
    </image>
    <image id="Slave SW 04">
        <layer src_x="590" src_y="563" width="39" height="39"/>
    </image>
    <image id="Slave SW 05">
        <layer src_x="629" src_y="563" width="39" height="39"/>
    </image>
    <image id="Slave SW 06">
        <layer src_x="668" src_y="563" width="39" height="39"/>
    </image>
    <image id="Slave SW 07">
        <layer src_x="707" src_y="563" width="39" height="39"/>
    </image>
    <image id="Slave SW 08">
        <layer src_x="746" src_y="563" width="39" height="39"/>
    </image>
    <image id="Slave SW 09">
        <layer src_x="785" src_y="563" width="39" height="39"/>
    </image>
    <image id="Slave SW 10">
        <layer src_x="824" src_y="563" width="39" height="39"/>
    </image>
    <image id="Slave SW 11">
        <layer src_x="863" src_y="563" width="39" height="39"/>
    </image>
    <image id="Slave SW 12">
        <layer src_x="902" src_y="563" width="39" height="39"/>
    </image>
    <image id="Slave W 01">
        <layer src_x="941" src_y="563" width="39" height="39"/>
    </image>
    <image id="Slave W 02">
        <layer src_x="980" src_y="563" width="39" height="39"/>
    </image>
    <image id="Slave W 03">
        <layer src_x="1019" src_y="563" width="39" height="39"/>
    </image>
    <image id="Slave W 04">
        <layer src_x="590" src_y="602" width="39" height="39"/>
    </image>
    <image id="Slave W 05">
        <layer src_x="590" src_y="641" width="39" height="39"/>
    </image>
    <image id="Slave W 06">
        <layer src_x="590" src_y="680" width="39" height="39"/>
    </image>
    <image id="Slave W 07">
        <layer src_x="590" src_y="719" width="39" height="39"/>
    </image>
    <image id="Slave W 08">
        <layer src_x="590" src_y="758" width="39" height="39"/>
    </image>
    <image id="Slave W 09">
        <layer src_x="590" src_y="797" width="39" height="39"/>
    </image>
    <image id="Slave W 10">
        <layer src_x="590" src_y="836" width="39" height="39"/>
    </image>
    <image id="Slave W 11">
        <layer src_x="590" src_y="875" width="39" height="39"/>
    </image>
    <image id="Slave W 12">
        <layer src_x="590" src_y="914" width="39" height="39"/>
    </image>
    <image id="Slave NW 01">
        <layer src_x="590" src_y="953" width="39" height="39"/>
    </image>
    <image id="Slave NW 02">
        <layer src_x="590" src_y="992" width="39" height="39"/>
    </image>
    <image id="Slave NW 03">
        <layer src_x="590" src_y="1031" width="39" height="39"/>
    </image>
    <image id="Slave NW 04">
        <layer src_x="629" src_y="602" width="39" height="39"/>
    </image>
    <image id="Slave NW 05">
        <layer src_x="668" src_y="602" width="39" height="39"/>
    </image>
    <image id="Slave NW 06">
        <layer src_x="707" src_y="602" width="39" height="39"/>
    </image>
    <image id="Slave NW 07">
        <layer src_x="746" src_y="602" width="39" height="39"/>
    </image>
    <image id="Slave NW 08">
        <layer src_x="785" src_y="602" width="39" height="39"/>
    </image>
    <image id="Slave NW 09">
        <layer src_x="824" src_y="602" width="39" height="39"/>
    </image>
    <image id="Slave NW 10">
        <layer src_x="863" src_y="602" width="39" height="39"/>
    </image>
    <image id="Slave NW 11">
        <layer src_x="902" src_y="602" width="39" height="39"/>
    </image>
    <image id="Slave NW 12">
        <layer src_x="941" src_y="602" width="39" height="39"/>
    </image>
    <image id="Slave N 01">
        <layer src_x="980" src_y="602" width="39" height="39"/>
    </image>
    <image id="Slave N 02">
        <layer src_x="1019" src_y="602" width="39" height="39"/>
    </image>
    <image id="Slave N 03">
        <layer src_x="629" src_y="641" width="39" height="39"/>
    </image>
    <image id="Slave N 04">
        <layer src_x="629" src_y="680" width="39" height="39"/>
    </image>
    <image id="Slave N 05">
        <layer src_x="629" src_y="719" width="39" height="39"/>
    </image>
    <image id="Slave N 06">
        <layer src_x="629" src_y="758" width="39" height="39"/>
    </image>
    <image id="Slave N 07">
        <layer src_x="629" src_y="797" width="39" height="39"/>
    </image>
    <image id="Slave N 08">
        <layer src_x="629" src_y="836" width="39" height="39"/>
    </image>
    <image id="Slave N 09">
        <layer src_x="629" src_y="875" width="39" height="39"/>
    </image>
    <image id="Slave N 10">
        <layer src_x="629" src_y="914" width="39" height="39"/>
    </image>
    <image id="Slave N 11">
        <layer src_x="629" src_y="953" width="39" height="39"/>
    </image>
    <image id="Slave N 12">
        <layer src_x="629" src_y="992" width="39" height="39"/>
    </image>
    <image id="marketbuyer_portrait_overlay">
        <layer group="190" image="11"/>
        <layer src_y="237" width="55" height="79"/>
    </image>
    <image id="marketbuyer_death_01">
        <layer group="106" image="96"/>
        <layer src_x="668" src_y="641" width="39" height="39"/>
    </image>
    <image id="marketbuyer_death_02">
        <layer group="106" image="97"/>
        <layer src_x="707" src_y="641" width="39" height="39"/>
    </image>
    <image id="marketbuyer_death_03">
        <layer group="106" image="98"/>
        <layer src_x="746" src_y="641" width="39" height="39"/>
    </image>
    <image id="marketbuyer_death_04">
        <layer group="106" image="99"/>
        <layer src_x="785" src_y="641" width="39" height="39"/>
    </image>
    <image id="marketbuyer_death_05">
        <layer group="106" image="100"/>
        <layer src_x="824" src_y="641" width="39" height="39"/>
    </image>
    <image id="marketbuyer_death_06">
        <layer group="106" image="101"/>
    </image>
    <image id="marketbuyer_death_07">
        <layer group="106" image="102"/>
    </image>
    <image id="marketbuyer_death_08">
        <layer group="106" image="103"/>
    </image>
    <image id="marketbuyer_ne_01">
        <layer group="106" image="0"/>
        <layer src_x="863" src_y="641" width="39" height="39"/>
    </image>
    <image id="marketbuyer_ne_02">
        <layer group="106" image="8"/>
        <layer src_x="902" src_y="641" width="39" height="39"/>
    </image>
    <image id="marketbuyer_ne_03">
        <layer group="106" image="16"/>
        <layer src_x="941" src_y="641" width="39" height="39"/>
    </image>
    <image id="marketbuyer_ne_04">
        <layer group="106" image="24"/>
        <layer src_x="980" src_y="641" width="39" height="39"/>
    </image>
    <image id="marketbuyer_ne_05">
        <layer group="106" image="32"/>
        <layer src_x="1019" src_y="641" width="39" height="39"/>
    </image>
    <image id="marketbuyer_ne_06">
        <layer group="106" image="40"/>
        <layer src_x="668" src_y="680" width="39" height="39"/>
    </image>
    <image id="marketbuyer_ne_07">
        <layer group="106" image="48"/>
        <layer src_x="668" src_y="719" width="39" height="39"/>
    </image>
    <image id="marketbuyer_ne_08">
        <layer group="106" image="56"/>
        <layer src_x="668" src_y="758" width="39" height="39"/>
    </image>
    <image id="marketbuyer_ne_09">
        <layer group="106" image="64"/>
        <layer src_x="668" src_y="797" width="39" height="39"/>
    </image>
    <image id="marketbuyer_ne_10">
        <layer group="106" image="72"/>
        <layer src_x="668" src_y="836" width="39" height="39"/>
    </image>
    <image id="marketbuyer_ne_11">
        <layer group="106" image="80"/>
        <layer src_x="668" src_y="875" width="39" height="39"/>
    </image>
    <image id="marketbuyer_ne_12">
        <layer group="106" image="88"/>
        <layer src_x="668" src_y="914" width="39" height="39"/>
    </image>
    <image id="marketbuyer_e_01">
        <layer group="106" image="1"/>
        <layer src_x="668" src_y="953" width="39" height="39"/>
    </image>
    <image id="marketbuyer_e_02">
        <layer group="106" image="9"/>
        <layer src_x="668" src_y="992" width="39" height="39"/>
    </image>
    <image id="marketbuyer_e_03">
        <layer group="106" image="17"/>
        <layer src_x="668" src_y="1031" width="39" height="39"/>
    </image>
    <image id="marketbuyer_e_04">
        <layer group="106" image="25"/>
        <layer src_x="707" src_y="680" width="39" height="39"/>
    </image>
    <image id="marketbuyer_e_05">
        <layer group="106" image="33"/>
        <layer src_x="746" src_y="680" width="39" height="39"/>
    </image>
    <image id="marketbuyer_e_06">
        <layer group="106" image="41"/>
        <layer src_x="785" src_y="680" width="39" height="39"/>
    </image>
    <image id="marketbuyer_e_07">
        <layer group="106" image="49"/>
        <layer src_x="824" src_y="680" width="39" height="39"/>
    </image>
    <image id="marketbuyer_e_08">
        <layer group="106" image="57"/>
        <layer src_x="863" src_y="680" width="39" height="39"/>
    </image>
    <image id="marketbuyer_e_09">
        <layer group="106" image="65"/>
        <layer src_x="902" src_y="680" width="39" height="39"/>
    </image>
    <image id="marketbuyer_e_10">
        <layer group="106" image="73"/>
        <layer src_x="941" src_y="680" width="39" height="39"/>
    </image>
    <image id="marketbuyer_e_11">
        <layer group="106" image="81"/>
        <layer src_x="980" src_y="680" width="39" height="39"/>
    </image>
    <image id="marketbuyer_e_12">
        <layer group="106" image="89"/>
        <layer src_x="1019" src_y="680" width="39" height="39"/>
    </image>
    <image id="marketbuyer_se_01">
        <layer group="106" image="2"/>
        <layer src_x="707" src_y="719" width="39" height="39"/>
    </image>
    <image id="marketbuyer_se_02">
        <layer group="106" image="10"/>
        <layer src_x="707" src_y="758" width="39" height="39"/>
    </image>
    <image id="marketbuyer_se_03">
        <layer group="106" image="18"/>
        <layer src_x="707" src_y="797" width="39" height="39"/>
    </image>
    <image id="marketbuyer_se_04">
        <layer group="106" image="26"/>
        <layer src_x="707" src_y="836" width="39" height="39"/>
    </image>
    <image id="marketbuyer_se_05">
        <layer group="106" image="34"/>
        <layer src_x="707" src_y="875" width="39" height="39"/>
    </image>
    <image id="marketbuyer_se_06">
        <layer group="106" image="42"/>
        <layer src_x="707" src_y="914" width="39" height="39"/>
    </image>
    <image id="marketbuyer_se_07">
        <layer group="106" image="50"/>
        <layer src_x="707" src_y="953" width="39" height="39"/>
    </image>
    <image id="marketbuyer_se_08">
        <layer group="106" image="58"/>
        <layer src_x="707" src_y="992" width="39" height="39"/>
    </image>
    <image id="marketbuyer_se_09">
        <layer group="106" image="66"/>
        <layer src_x="707" src_y="1031" width="39" height="39"/>
    </image>
    <image id="marketbuyer_se_10">
        <layer group="106" image="74"/>
        <layer src_x="746" src_y="719" width="39" height="39"/>
    </image>
    <image id="marketbuyer_se_11">
        <layer group="106" image="82"/>
        <layer src_x="785" src_y="719" width="39" height="39"/>
    </image>
    <image id="marketbuyer_se_12">
        <layer group="106" image="90"/>
        <layer src_x="824" src_y="719" width="39" height="39"/>
    </image>
    <image id="marketbuyer_s_01">
        <layer group="106" image="3"/>
        <layer src_x="863" src_y="719" width="39" height="39"/>
    </image>
    <image id="marketbuyer_s_02">
        <layer group="106" image="11"/>
        <layer src_x="902" src_y="719" width="39" height="39"/>
    </image>
    <image id="marketbuyer_s_03">
        <layer group="106" image="19"/>
        <layer src_x="941" src_y="719" width="39" height="39"/>
    </image>
    <image id="marketbuyer_s_04">
        <layer group="106" image="27"/>
        <layer src_x="980" src_y="719" width="39" height="39"/>
    </image>
    <image id="marketbuyer_s_05">
        <layer group="106" image="35"/>
        <layer src_x="1019" src_y="719" width="39" height="39"/>
    </image>
    <image id="marketbuyer_s_06">
        <layer group="106" image="43"/>
        <layer src_x="746" src_y="758" width="39" height="39"/>
    </image>
    <image id="marketbuyer_s_07">
        <layer group="106" image="51"/>
        <layer src_x="746" src_y="797" width="39" height="39"/>
    </image>
    <image id="marketbuyer_s_08">
        <layer group="106" image="59"/>
        <layer src_x="746" src_y="836" width="39" height="39"/>
    </image>
    <image id="marketbuyer_s_09">
        <layer group="106" image="67"/>
        <layer src_x="746" src_y="875" width="39" height="39"/>
    </image>
    <image id="marketbuyer_s_10">
        <layer group="106" image="75"/>
        <layer src_x="746" src_y="914" width="39" height="39"/>
    </image>
    <image id="marketbuyer_s_11">
        <layer group="106" image="83"/>
        <layer src_x="746" src_y="953" width="39" height="39"/>
    </image>
    <image id="marketbuyer_s_12">
        <layer group="106" image="91"/>
        <layer src_x="746" src_y="992" width="39" height="39"/>
    </image>
    <image id="marketbuyer_sw_01">
        <layer group="106" image="4"/>
        <layer src_x="746" src_y="1031" width="39" height="39"/>
    </image>
    <image id="marketbuyer_sw_02">
        <layer group="106" image="12"/>
        <layer src_x="785" src_y="758" width="39" height="39"/>
    </image>
    <image id="marketbuyer_sw_03">
        <layer group="106" image="20"/>
        <layer src_x="824" src_y="758" width="39" height="39"/>
    </image>
    <image id="marketbuyer_sw_04">
        <layer group="106" image="28"/>
        <layer src_x="863" src_y="758" width="39" height="39"/>
    </image>
    <image id="marketbuyer_sw_05">
        <layer group="106" image="36"/>
        <layer src_x="902" src_y="758" width="39" height="39"/>
    </image>
    <image id="marketbuyer_sw_06">
        <layer group="106" image="44"/>
        <layer src_x="941" src_y="758" width="39" height="39"/>
    </image>
    <image id="marketbuyer_sw_07">
        <layer group="106" image="52"/>
        <layer src_x="980" src_y="758" width="39" height="39"/>
    </image>
    <image id="marketbuyer_sw_08">
        <layer group="106" image="60"/>
        <layer src_x="1019" src_y="758" width="39" height="39"/>
    </image>
    <image id="marketbuyer_sw_09">
        <layer group="106" image="68"/>
        <layer src_x="785" src_y="797" width="39" height="39"/>
    </image>
    <image id="marketbuyer_sw_10">
        <layer group="106" image="76"/>
        <layer src_x="785" src_y="836" width="39" height="39"/>
    </image>
    <image id="marketbuyer_sw_11">
        <layer group="106" image="84"/>
        <layer src_x="785" src_y="875" width="39" height="39"/>
    </image>
    <image id="marketbuyer_sw_12">
        <layer group="106" image="92"/>
        <layer src_x="785" src_y="914" width="39" height="39"/>
    </image>
    <image id="marketbuyer_w_01">
        <layer group="106" image="5"/>
        <layer src_x="785" src_y="953" width="39" height="39"/>
    </image>
    <image id="marketbuyer_w_02">
        <layer group="106" image="13"/>
        <layer src_x="785" src_y="992" width="39" height="39"/>
    </image>
    <image id="marketbuyer_w_03">
        <layer group="106" image="21"/>
        <layer src_x="785" src_y="1031" width="39" height="39"/>
    </image>
    <image id="marketbuyer_w_04">
        <layer group="106" image="29"/>
        <layer src_x="824" src_y="797" width="39" height="39"/>
    </image>
    <image id="marketbuyer_w_05">
        <layer group="106" image="37"/>
        <layer src_x="863" src_y="797" width="39" height="39"/>
    </image>
    <image id="marketbuyer_w_06">
        <layer group="106" image="45"/>
        <layer src_x="902" src_y="797" width="39" height="39"/>
    </image>
    <image id="marketbuyer_w_07">
        <layer group="106" image="53"/>
        <layer src_x="941" src_y="797" width="39" height="39"/>
    </image>
    <image id="marketbuyer_w_08">
        <layer group="106" image="61"/>
        <layer src_x="980" src_y="797" width="39" height="39"/>
    </image>
    <image id="marketbuyer_w_09">
        <layer group="106" image="69"/>
        <layer src_x="1019" src_y="797" width="39" height="39"/>
    </image>
    <image id="marketbuyer_w_10">
        <layer group="106" image="77"/>
        <layer src_x="824" src_y="836" width="39" height="39"/>
    </image>
    <image id="marketbuyer_w_11">
        <layer group="106" image="85"/>
        <layer src_x="824" src_y="875" width="39" height="39"/>
    </image>
    <image id="marketbuyer_w_12">
        <layer group="106" image="93"/>
        <layer src_x="824" src_y="914" width="39" height="39"/>
    </image>
    <image id="marketbuyer_nw_01">
        <layer group="106" image="6"/>
        <layer src_x="824" src_y="953" width="39" height="39"/>
    </image>
    <image id="marketbuyer_nw_02">
        <layer group="106" image="14"/>
        <layer src_x="824" src_y="992" width="39" height="39"/>
    </image>
    <image id="marketbuyer_nw_03">
        <layer group="106" image="22"/>
        <layer src_x="824" src_y="1031" width="39" height="39"/>
    </image>
    <image id="marketbuyer_nw_04">
        <layer group="106" image="30"/>
        <layer src_x="863" src_y="836" width="39" height="39"/>
    </image>
    <image id="marketbuyer_nw_05">
        <layer group="106" image="38"/>
        <layer src_x="902" src_y="836" width="39" height="39"/>
    </image>
    <image id="marketbuyer_nw_06">
        <layer group="106" image="46"/>
        <layer src_x="941" src_y="836" width="39" height="39"/>
    </image>
    <image id="marketbuyer_nw_07">
        <layer group="106" image="54"/>
        <layer src_x="980" src_y="836" width="39" height="39"/>
    </image>
    <image id="marketbuyer_nw_08">
        <layer group="106" image="62"/>
        <layer src_x="1019" src_y="836" width="39" height="39"/>
    </image>
    <image id="marketbuyer_nw_09">
        <layer group="106" image="70"/>
        <layer src_x="863" src_y="875" width="39" height="39"/>
    </image>
    <image id="marketbuyer_nw_10">
        <layer group="106" image="78"/>
        <layer src_x="863" src_y="914" width="39" height="39"/>
    </image>
    <image id="marketbuyer_nw_11">
        <layer group="106" image="86"/>
        <layer src_x="863" src_y="953" width="39" height="39"/>
    </image>
    <image id="marketbuyer_nw_12">
        <layer group="106" image="94"/>
        <layer src_x="863" src_y="992" width="39" height="39"/>
    </image>
    <image id="marketbuyer_n_01">
        <layer group="106" image="7"/>
        <layer src_x="863" src_y="1031" width="39" height="39"/>
    </image>
    <image id="marketbuyer_n_02">
        <layer group="106" image="15"/>
        <layer src_x="902" src_y="875" width="39" height="39"/>
    </image>
    <image id="marketbuyer_n_03">
        <layer group="106" image="23"/>
        <layer src_x="941" src_y="875" width="39" height="39"/>
    </image>
    <image id="marketbuyer_n_04">
        <layer group="106" image="31"/>
        <layer src_x="980" src_y="875" width="39" height="39"/>
    </image>
    <image id="marketbuyer_n_05">
        <layer group="106" image="39"/>
        <layer src_x="1019" src_y="875" width="39" height="39"/>
    </image>
    <image id="marketbuyer_n_06">
        <layer group="106" image="47"/>
        <layer src_x="902" src_y="914" width="39" height="39"/>
    </image>
    <image id="marketbuyer_n_07">
        <layer group="106" image="55"/>
        <layer src_x="902" src_y="953" width="39" height="39"/>
    </image>
    <image id="marketbuyer_n_08">
        <layer group="106" image="63"/>
        <layer src_x="902" src_y="992" width="39" height="39"/>
    </image>
    <image id="marketbuyer_n_09">
        <layer group="106" image="71"/>
        <layer src_x="902" src_y="1031" width="39" height="39"/>
    </image>
    <image id="marketbuyer_n_10">
        <layer group="106" image="79"/>
        <layer src_x="941" src_y="914" width="39" height="39"/>
    </image>
    <image id="marketbuyer_n_11">
        <layer group="106" image="87"/>
        <layer src_x="980" src_y="914" width="39" height="39"/>
    </image>
    <image id="marketbuyer_n_12">
        <layer group="106" image="95"/>
        <layer src_x="1019" src_y="914" width="39" height="39"/>
    </image>
</assetlist>
